pid,group,task_order,age,gender,education,ai_experience_raw,domain,critical_ability,ai_planning_familiarity,ai_experience,P_e1,P_e2,P_e3,P_e4,emotionality,exp_Claims_Accepted,exp_Claims_Rejected,exp_Transient_Acceptance,exp_Turns_Elapsed,exp_Corrections_Made,exp_Recall_Accuracy_Pct,exp_Notifications_Shown_Total,exp_DivAttn_Accuracy_Pct,exp_DivAttn_False_Alarms,exp_Plan_Quality_Avg,exp_Plan_Quality_Weeks_Scored,exp_Recall_Qualified,exp_DivAttn_Qualified,exp_Bonus_Qualified,exp_Plan_Quality_Qualified,influence_moment_text,comm_style_text,load_seq_A,dropped_idx_A,load_seq_B,dropped_idx_B,load_seq_C,dropped_idx_C
PMUL4FSOP85,Live,A_Workload|C_NonAcademicLife|B_DegreeRequirements,18.0,Male,High school / Secondary,Daily,"STEM (Science, Technology, Engineering, Maths)",3.0,4.0,5,4.0,1.0,1.0,2.0,2.0,3.0,8.0,1.0,80.0,33.0,75.0,37.0,47.8,9.0,52.3,12.0,True,False,False,True,when it asked me to add the debate club in my schdule,it was good but it could have reacted more to my questions,HighLoad|LowLoad|HighLoad|LowLoad,0.0,HighLoad|LowLoad|HighLoad|LowLoad,0.0,HighLoad|LowLoad|HighLoad|LowLoad,0.0
PMUL4HI166V,Live,B_DegreeRequirements|A_Workload|C_NonAcademicLife,20.0,Male,Undergraduate (Bachelor's),Often (weekly),"STEM (Science, Technology, Engineering, Maths)",3.0,3.0,4,3.0,3.0,4.0,4.0,3.5,2.0,10.0,0.0,64.0,38.0,80.6,32.0,39.5,5.0,42.4,12.0,True,False,False,False,when i didnt consider pre requisits,"pretty normal, sometimes pushy, i feel like u had to ask the right questions to get your answers which shouldve been told at the start itself",HighLoad|LowLoad|LowLoad|HighLoad,0.0,HighLoad|LowLoad|LowLoad|HighLoad,0.0,HighLoad|LowLoad|LowLoad|HighLoad,0.0
PMUL4HNZO6H,Live,B_DegreeRequirements|C_NonAcademicLife|A_Workload,20.0,Male,Undergraduate (Bachelor's),Sometimes (a few times a month),"STEM (Science, Technology, Engineering, Maths)",4.0,2.0,3,4.0,2.0,2.0,1.0,2.25,5.0,7.0,0.0,98.0,37.0,83.3,43.0,47.0,7.0,59.4,12.0,True,False,False,True,"Yes. I only had rock climbing, but the AI's advice pushed me towards wanting to include INtramural soccer as well.","Effective, efficient, to the point",LowLoad|HighLoad|HighLoad|LowLoad,0.0,LowLoad|HighLoad|HighLoad|LowLoad,0.0,LowLoad|HighLoad|HighLoad|LowLoad,0.0
PMUMDQ3OED4,Live,C_NonAcademicLife|B_DegreeRequirements|A_Workload,19.0,Male,Undergraduate (Bachelor's),Daily,"STEM (Science, Technology, Engineering, Maths)",4.0,4.0,5,1.0,2.0,1.0,1.0,1.25,3.0,9.0,0.0,81.0,21.0,75.0,31.0,54.5,7.0,70.8,12.0,True,False,False,True,No,"Style was neutral earlier, and towards the end it became verbose",LowLoad|LowLoad|HighLoad|HighLoad,0.0,LowLoad|LowLoad|HighLoad|HighLoad,0.0,LowLoad|LowLoad|HighLoad|HighLoad,0.0
PMUMDROVABW,Live,A_Workload|C_NonAcademicLife|B_DegreeRequirements,22.0,Female,Postgraduate (Master's),Often (weekly),"STEM (Science, Technology, Engineering, Maths)",2.0,3.0,4,3.0,3.0,4.0,5.0,3.75,4.0,6.0,1.0,59.0,31.0,83.3,34.0,17.2,2.0,67.3,12.0,True,False,False,True,Just letting me know when there are constraints. Not the feel,Hot and cold. Sometimes detached but unpredictably thoughtful at times,HighLoad|LowLoad|HighLoad|LowLoad,1.0,HighLoad|LowLoad|HighLoad|LowLoad,1.0,HighLoad|LowLoad|HighLoad|LowLoad,1.0
PMUMDXHW1IL,Live,B_DegreeRequirements|A_Workload|C_NonAcademicLife,18.0,Male,High school / Secondary,Daily,"STEM (Science, Technology, Engineering, Maths)",4.0,5.0,5,4.0,5.0,5.0,5.0,4.75,4.0,8.0,0.0,89.0,30.0,58.3,46.0,64.3,14.0,35.4,12.0,False,True,False,False,"When I did not planned to join Debate Team, but AIs suggestion made me choose that.",It continuosly gave me advices quite formally based on what others choose and how will that thing affect me.,HighLoad|LowLoad|LowLoad|HighLoad,1.0,HighLoad|LowLoad|LowLoad|HighLoad,1.0,HighLoad|LowLoad|LowLoad|HighLoad,1.0
PMUMUFGT3F9,Live,B_DegreeRequirements|C_NonAcademicLife|A_Workload,20.0,Female,High school / Secondary,Often (weekly),"STEM (Science, Technology, Engineering, Maths)",3.0,3.0,4,4.0,4.0,3.0,4.0,3.75,4.0,7.0,1.0,61.0,54.0,94.4,31.0,23.4,4.0,54.2,12.0,True,False,False,True,WHEN IT TOLD ME TO CHANGE A COURSE BASED ON PREREQUISITE,SOMETIMES IT GAVE HINTS TOWARDS A PARTICULAR CHOICE I SELECTED. SOMETIMES I MADE IT CHOOSE,LowLoad|HighLoad|HighLoad|LowLoad,3.0,LowLoad|HighLoad|HighLoad|LowLoad,3.0,LowLoad|HighLoad|HighLoad|LowLoad,3.0
PMUMUGJUDPL,Live,C_NonAcademicLife|A_Workload|B_DegreeRequirements,20.0,Male,Undergraduate (Bachelor's),Daily,"STEM (Science, Technology, Engineering, Maths)",4.0,4.0,5,2.0,3.0,4.0,4.0,3.25,4.0,8.0,0.0,86.0,28.0,88.9,36.0,55.6,7.0,52.5,12.0,True,False,False,True,"Yes, a lot of times when it gave me key info that I missed, so I had to fully change my plan. One time it gave me advice that the rock-climbing is a activity that will not conflict with anything so i chose that.","It was sometimes confusingly wording answers, or telling me things I did not ask about. Most of the time though, it gave me answers that I couldn't have discovered on my own.",LowLoad|HighLoad|LowLoad|HighLoad,3.0,LowLoad|HighLoad|LowLoad|HighLoad,3.0,LowLoad|HighLoad|LowLoad|HighLoad,3.0
PMUMURSLQW9,Live,C_NonAcademicLife|B_DegreeRequirements|A_Workload,20.0,Female,Undergraduate (Bachelor's),Often (weekly),"STEM (Science, Technology, Engineering, Maths)",3.0,2.0,4,3.0,2.0,4.0,4.0,3.25,6.0,6.0,0.0,55.0,29.0,88.9,31.0,30.0,1.0,51.4,12.0,True,False,False,True,"Not particularly, it was more like whenever I found that I didn't meet certain prerequisites or other requirements, I would ask it how to get around it. The individual choices made were mostly my own and the AI was used as a sort of information tool rather than an assistant constantly scheduling things and telling you its done.","Was mostly compliant, there weren't a lot of moments when I felt as though I was being pushed towards a particular choice. Made me feel like I was talking to a friendly receptionist as opposed to a manager.",LowLoad|LowLoad|HighLoad|HighLoad,3.0,LowLoad|LowLoad|HighLoad|HighLoad,3.0,LowLoad|LowLoad|HighLoad|HighLoad,3.0
