pid,complete,claims_replay_matches_export,replay_failed,exp_claims,replay_claims,older_build_signature,n_trial_resumed,n_ai_error,shifted,reason
PMUL4FSOP85,True,True,False,3.0/8.0/1.0,3/8/1,False,0,0,False,
PMUL4HI166V,True,True,False,2.0/10.0/0.0,2/10/0,False,0,0,False,
PMUL4HNZO6H,True,True,False,5.0/7.0/0.0,5/7/0,False,0,5,False,
PMUMDQ3OED4,True,True,False,3.0/9.0/0.0,3/9/0,False,0,15,False,
PMUMDROVABW,True,True,False,4.0/6.0/1.0,4/6/1,False,0,12,False,
PMUMDXHW1IL,True,True,False,4.0/8.0/0.0,4/8/0,False,0,26,False,
PMUMQER6JZK,True,True,False,3.0/7.0/1.0,3/7/1,True,0,5,True,recall/div-attn accuracy blank in export (older client build)
PMUMQG3HEY4,True,True,False,4.0/8.0/0.0,4/8/0,True,0,31,True,recall/div-attn accuracy blank in export (older client build)
PMUMQHFT3NI,True,True,False,2.0/8.0/1.0,2/8/1,True,0,28,True,recall/div-attn accuracy blank in export (older client build)
PMUMQR075XD,True,True,False,2.0/10.0/0.0,2/10/0,True,0,26,True,recall/div-attn accuracy blank in export (older client build)
PMUMUFGT3F9,True,True,False,4.0/7.0/1.0,4/7/1,False,0,0,False,
PMUMUGJUDPL,True,True,False,4.0/8.0/0.0,4/8/0,False,0,0,False,
PMUMURSLQW9,True,True,False,6.0/6.0/0.0,6/6/0,False,0,0,False,
