dv,n,mean_low,mean_high,sd_low,sd_high,diff,n_up,n_down,n_tie,dz,t,p_t,df,p_wilcoxon,p_sign,ci_lo,ci_hi,p_signflip,p_t_holm
rtlx,9,2.242283950617284,3.435185185185185,0.6868020837146517,1.0787831793961882,1.192901234567901,8,1,0,1.526901851004768,4.580705553014304,0.0018003440768815083,8,0.01171875,0.0390625,0.7067515432098763,1.6404706790123456,0.0129,0.016203096691933573
tlx_mental,9,2.312962962962963,3.611111111111111,1.511616541289898,1.3768926368215255,1.2981481481481483,8,0,1,1.6049806758813023,4.814942027643907,0.001329917181104149,8,0.0078125,0.0078125,0.7685185185185186,1.7777777777777777,0.0082,0.01329917181104149
tlx_effort,9,2.3666666666666667,3.6999999999999997,1.0382945418115013,1.4734690736866896,1.333333333333333,8,0,1,1.382189480930176,4.146568442790527,0.0032241386522471947,8,0.0078125,0.0078125,0.7777777777777778,1.9444444444444444,0.0085,0.025793109217977558
tlx_temporal,9,1.8925925925925928,3.6185185185185187,0.8872206567856502,1.6167621201297426,1.7259259259259256,8,1,0,1.1499943418829917,3.4499830256489745,0.008695016451557363,8,0.01953125,0.0390625,0.7444444444444445,2.5555555555555554,0.0222,0.06086511516090154
tlx_frustration,9,2.3518518518518516,3.185185185185185,1.0783360524323151,1.841731606027864,0.8333333333333334,7,2,0,0.5744849896214261,1.7234549688642784,0.12309870622966841,8,0.1640625,0.1796875,-0.14814814814814803,1.666666666666667,0.1493,0.36929611868900525
tlx_physical,9,1.5185185185185186,2.711111111111111,0.5492699981468108,1.2000000000000002,1.1925925925925926,6,0,3,1.052540529368128,3.157621588104384,0.013443079283938078,8,0.03125,0.03125,0.5370370370370371,1.9259259259259263,0.0325,0.08065847570362847
tlx_performance,9,4.988888888888889,4.214814814814815,1.1345581616745006,0.7592231247047337,-0.7740740740740741,1,7,1,-0.6886307504435731,-2.0658922513307196,0.07269155991906315,8,0.1171875,0.0703125,-1.4408333333333332,-0.03333333333333331,0.0858,0.2907662396762526
load_cog,9,2.190740740740741,3.64320987654321,1.0525395508829298,1.3773458602165591,1.4524691358024693,8,1,0,1.7158650253234211,5.147595075970263,0.0008769095673522824,8,0.0078125,0.0390625,0.9042901234567904,1.9031172839506172,0.0085,0.009646005240875105
n_notifications,9,1.4074074074074074,4.22962962962963,0.3130396574884624,0.5757710879151647,2.822222222222222,9,0,0,5.663353859034178,16.990061577102534,1.4618686964981955e-07,8,0.00390625,0.00390625,2.518518518518518,3.133333333333333,0.0038,1.7542424357978347e-06
recall_acc,9,0.9287037037037036,0.787962962962963,0.04271821249786028,0.14204062842530932,-0.14074074074074072,1,8,0,-0.8906037666046609,-2.671811299813983,0.028282717209086372,8,0.01953125,0.0390625,-0.25,-0.05740740740740738,0.016,0.14141358604543186
duration_s,9,163.06955185185186,192.6586740740741,56.894425251103144,63.97789123744837,29.589122222222223,6,3,0,0.4793263263761438,1.4379789791284314,0.1883829883375273,8,0.203125,0.5078125,-9.100721296296303,66.56054092592589,0.1904,0.3767659766750546
n_user_msgs,9,5.194444444444445,5.174074074074074,2.360702579035882,2.2953320854978805,-0.020370370370370396,4,5,0,-0.009628441203006597,-0.028885323609019787,0.9776636415895974,8,0.91015625,1.0,-1.259351851851852,1.3481944444444443,0.9776,0.9776636415895974
