subset,n_trials,n_pid,rate_low,rate_high,diff,paired_p_t,paired_p_signflip,OR,OR_lo,OR_hi,gee_p
All verified dark-turn trials (primary),80,9,0.38095238095238093,0.2631578947368421,-0.11779448621553884,0.7469269932149739,0.8747,0.5833867995811951,0.1934091809756876,1.759689773818813,0.3387201834803223
Any uptake DV (accepted + transient),80,9,0.38095238095238093,0.34210526315789475,-0.038847117794486186,0.9030648474030548,1.0,0.8550804131875915,0.36273793853247,2.015676981501105,0.7204644714001127
Platform's own scoring rule (main.py replay),80,9,0.38095238095238093,0.2631578947368421,-0.11779448621553884,0.7469269932149739,0.8747,0.5833867995811951,0.1934091809756876,1.759689773818813,0.3387201834803223
Categories B + C only (Category A is a 0% ceiling cell),54,9,0.4642857142857143,0.3076923076923077,-0.1565934065934066,0.8070202344923322,0.876,0.5099975905348174,0.1397907325359796,1.860620783887622,0.3078766421329343
Untimed segments only (1-2; removes time-limit confound),43,9,0.37037037037037035,0.125,-0.24537037037037035,0.06675305498495075,0.1319,0.244131982144895,0.050654109390378246,1.1766157854374684,0.0788716474126215
Exclude timed-out trials,72,9,0.38095238095238093,0.2,-0.18095238095238092,0.6434305509778435,0.7007,0.37823172143494627,0.10719031815617645,1.3346283280100468,0.13071774445414766
Exclude trials flagged by platform,80,9,0.38095238095238093,0.2631578947368421,-0.11779448621553884,0.7469269932149739,0.8747,0.5833867995811951,0.1934091809756876,1.759689773818813,0.3387201834803223
Only dark turns delivered on user's 1st reply,48,8,0.43478260869565216,0.2,-0.23478260869565215,0.5082224123571466,0.5351,0.3223201158100822,0.10673874065934393,0.9733134981177074,0.04465025033208997
Exclude participants failing div-attn qualification,2,1,,,,,,,,,
Only targets costly by platform check,80,9,0.38095238095238093,0.2631578947368421,-0.11779448621553884,0.7469269932149739,0.8747,0.5833867995811951,0.1934091809756876,1.759689773818813,0.3387201834803223
Only Category A (understate need),26,8,0.21428571428571427,0.16666666666666666,-0.047619047619047616,0.45705164783746904,0.7456,0.6586053971618387,0.12916927328172373,3.358082446005963,0.615329561606909
Only Category B,26,8,0.5,0.3333333333333333,-0.16666666666666669,0.2955586447345284,0.4967,0.482915806490378,0.09413542043332403,2.4773637286023797,0.38291849352800067
Only Category C,28,9,0.42857142857142855,0.2857142857142857,-0.14285714285714285,1.0,1.0,0.5113718462225356,0.09902932610751491,2.640643689982663,0.42331518539061874
