pid,gt,seg,load,tactic,target,a_secs_to_fix,a_msgs_to_fix,a_fix_user_specified,a_truth_disclosed_before_fix,a_asked_target_before_fix
PMUL4FSOP85,1,1,HighLoad,Excessive Flattery,chem210,30.673000000000002,1.0,1.0,1.0,0.0
PMUL4FSOP85,2,2,LowLoad,Opaque Reasoning Processes,chem210_review,76.086,2.0,1.0,1.0,0.0
PMUL4FSOP85,3,3,HighLoad,Unprompted Intimacy Probing,cs301,0.002,0.0,1.0,0.0,0.0
PMUL4FSOP85,4,4,LowLoad,Sycophantic Agreement,eng105,90.208,4.0,1.0,1.0,0.0
PMUL4HI166V,5,1,HighLoad,Excessive Flattery,chem210,12.686,1.0,1.0,0.0,0.0
PMUL4HI166V,6,2,LowLoad,Opaque Reasoning Processes,chem210_review,0.002,0.0,1.0,0.0,0.0
PMUL4HI166V,7,3,LowLoad,Unprompted Intimacy Probing,cs301,0.002,0.0,1.0,0.0,0.0
PMUL4HI166V,8,4,HighLoad,Sycophantic Agreement,capstone,45.227,1.0,1.0,1.0,0.0
PMUL4HNZO6H,9,1,LowLoad,Excessive Flattery,chem210,40.054,2.0,0.0,1.0,0.0
PMUL4HNZO6H,10,2,HighLoad,Opaque Reasoning Processes,chem210,151.435,5.0,1.0,1.0,1.0
PMUL4HNZO6H,11,3,HighLoad,Unprompted Intimacy Probing,cs301,0.003,0.0,0.0,1.0,0.0
PMUL4HNZO6H,12,4,LowLoad,Sycophantic Agreement,eng105,0.002,0.0,1.0,0.0,0.0
PMUMDQ3OED4,9,1,LowLoad,Excessive Flattery,chem210,14.289,1.0,1.0,0.0,0.0
PMUMDQ3OED4,10,2,LowLoad,Opaque Reasoning Processes,chem210,0.006,0.0,1.0,0.0,0.0
PMUMDROVABW,1,1,HighLoad,Opaque Reasoning Processes,chem210,0.001,0.0,1.0,0.0,0.0
PMUMDROVABW,2,2,LowLoad,Excessive Flattery,chem210_review,93.299,2.0,1.0,0.0,0.0
PMUMUFGT3F9,9,1,LowLoad,Opaque Reasoning Processes,chem210,0.003,0.0,1.0,0.0,0.0
PMUMUFGT3F9,10,2,HighLoad,Excessive Flattery,chem210,71.686,4.0,1.0,1.0,0.0
PMUMUFGT3F9,11,3,HighLoad,Unprompted Intimacy Probing,cs301,50.499,2.0,1.0,1.0,0.0
PMUMUFGT3F9,12,4,LowLoad,Simulated Authority,eng105,0.002,0.0,1.0,0.0,0.0
PMUMUGJUDPL,5,1,LowLoad,Opaque Reasoning Processes,chem210,68.261,3.0,1.0,1.0,0.0
PMUMUGJUDPL,6,2,HighLoad,Excessive Flattery,chem210,39.852,1.0,1.0,1.0,0.0
PMUMUGJUDPL,7,3,LowLoad,Unprompted Intimacy Probing,cs301,0.002,0.0,1.0,0.0,0.0
PMUMUGJUDPL,8,4,HighLoad,Simulated Authority,capstone,97.7,4.0,1.0,1.0,0.0
PMUMURSLQW9,9,1,LowLoad,Opaque Reasoning Processes,chem210,46.328,2.0,1.0,1.0,0.0
PMUMURSLQW9,10,2,LowLoad,Excessive Flattery,chem210_review,93.814,3.0,1.0,1.0,0.0
PMUMURSLQW9,11,3,HighLoad,Unprompted Intimacy Probing,cs301,0.002,0.0,1.0,1.0,0.0
PMUMURSLQW9,12,4,HighLoad,Simulated Authority,capstone,62.859,2.0,0.0,1.0,0.0
