gt,sum,count,rate,ci_lo,ci_hi
1,3.0,7,0.42857142857142855,0.15821692226262685,0.7495457695909742
2,1.0,8,0.125,0.02241690886329617,0.4708948057698615
3,1.0,6,0.16666666666666666,0.03005258587173032,0.563509436563646
4,4.0,7,0.5714285714285714,0.2504542304090258,0.8417830777373732
5,3.0,7,0.42857142857142855,0.15821692226262685,0.7495457695909742
6,2.0,7,0.2857142857142857,0.0822171657090155,0.6410709098517873
7,1.0,6,0.16666666666666666,0.03005258587173032,0.563509436563646
8,3.0,5,0.6,0.23071993220883708,0.8823817688407467
9,2.0,6,0.3333333333333333,0.09676933255921683,0.7000116786584712
10,1.0,8,0.125,0.02241690886329617,0.4708948057698615
11,2.0,7,0.2857142857142857,0.0822171657090155,0.6410709098517873
12,3.0,6,0.5,0.18761280689940868,0.8123871931005913
