gt,rtlx,tlx_trust,tlx_independence
1,2.7619047619047623,3.5714285714285716,3.142857142857143
2,2.583333333333333,1.875,4.375
3,2.9444444444444446,1.8333333333333333,4.166666666666667
4,3.0238095238095233,1.8571428571428572,4.285714285714286
5,2.0714285714285716,3.0,3.142857142857143
6,2.3541666666666665,2.5,3.875
7,3.888888888888889,2.3333333333333335,3.5
8,3.066666666666667,2.6,3.4
9,2.6190476190476195,2.5714285714285716,3.5714285714285716
10,2.5,2.5555555555555554,3.7777777777777777
11,2.2142857142857144,3.0,3.2857142857142856
12,3.0714285714285716,2.7142857142857144,2.857142857142857
