predictor,outcome,rho,p,n,p_holm
critical_ability,p_accept,0.4167806861538538,0.2644418657805953,9,1.0
critical_ability,load_effect,0.3563553705087323,0.38624525968196194,8,1.0
ai_experience,p_accept,-0.1404878717372541,0.7184659779422645,9,1.0
ai_experience,load_effect,0.3563553705087323,0.38624525968196194,8,1.0
ai_planning_familiarity,p_accept,-0.1600142241187995,0.680897243654749,9,1.0
ai_planning_familiarity,load_effect,0.253332222960036,0.544933501479013,8,1.0
emotionality,p_accept,0.14226252572825848,0.7150286325826926,9,1.0
emotionality,load_effect,-0.18636776080140988,0.6585675131555601,8,1.0
exp_DivAttn_Accuracy_Pct,p_accept,0.2393949488198693,0.535003369760857,9,1.0
exp_DivAttn_Accuracy_Pct,load_effect,0.3559957467016714,0.38675932279798175,8,1.0
exp_Recall_Accuracy_Pct,p_accept,0.20348036394090133,0.5995106850947868,9,1.0
exp_Recall_Accuracy_Pct,load_effect,-0.11250879009260238,0.7908194606890704,8,1.0
mean_rtlx,p_accept,0.5215389956432867,0.1498625475608518,9,1.0
mean_rtlx,load_effect,-0.1473085848420709,0.7277661036185719,8,1.0
age,p_accept,-0.16943474841747153,0.6629816995498721,9,1.0
age,load_effect,-0.22501758018520476,0.5921173277619454,8,1.0
dprime,p_accept,-0.42965003912270683,0.28805705023069,8,1.0
dprime,load_effect,0.6182840223353118,0.13889518793753797,7,1.0
facts,p_accept,-0.27359422722270776,0.47624501916293654,9,1.0
facts,load_effect,0.19641144645609454,0.6410902415841974,8,1.0
