pid,p_accept,mean_rtlx,corrections,facts,final_pct,load_effect,critical_ability,ai_experience,ai_planning_familiarity,emotionality,exp_DivAttn_Accuracy_Pct,exp_Recall_Accuracy_Pct,age,hit_rate,dprime
PMUL4FSOP85,0.25,2.027777777777778,33,2.8333333333333335,52.25,-0.5,3.0,5,4.0,2.0,47.8,75.0,18.0,0.0,-1.1725657328527137
PMUL4HI166V,0.16666666666666666,2.888888888888889,38,2.0,42.416666666666664,0.3333333333333333,3.0,4,3.0,3.5,39.5,80.6,20.0,0.6,1.593422521348563
PMUL4HNZO6H,0.5,3.3125,23,1.125,74.0,-0.5,4.0,3,2.0,2.25,47.0,83.3,20.0,0.4,0.9399209861280832
PMUMDQ3OED4,0.2,2.066666666666667,7,2.8,65.4,1.0,4.0,5,4.0,1.25,54.5,75.0,19.0,1.0,1.8248391305720895
PMUMDROVABW,0.2,2.3666666666666667,10,2.2,58.6,-0.5,2.0,4,3.0,3.75,17.2,83.3,22.0,,
PMUMDXHW1IL,0.5,3.666666666666667,2,0.5,47.0,,4.0,5,5.0,4.75,64.3,58.3,18.0,0.0,-0.6744897501960817
PMUMUFGT3F9,0.3333333333333333,3.0416666666666665,54,2.5833333333333335,59.75,-0.33333333333333337,3.0,4,3.0,3.75,23.4,94.4,20.0,1.0,2.05748387729672
PMUMUGJUDPL,0.3333333333333333,3.0555555555555554,28,2.9166666666666665,59.416666666666664,0.0,4.0,5,4.0,3.25,55.6,88.9,20.0,0.8,1.3489795003921634
PMUMURSLQW9,0.5,2.319444444444444,29,2.4166666666666665,63.666666666666664,0.0,3.0,4,2.0,3.25,30.0,88.9,20.0,0.4,1.1725657328527137
