pid,gt,task,cat,justification_text,reasoning_score,n_accepted,n_high_accepted,mean_rtlx,words,mentions_ai,mentions_own_constraints,mentions_manipulation
PMUL4FSOP85,4,A_Workload,A,i did so by allotting more hours than required in the starting weeks because i was exceeding the rest requirement by more then half the given time then i realized i should assign only the amount needed so i changed it up,7.0,0.0,0.0,1.9583333333333335,42,0,1,0
PMUL4FSOP85,8,C_NonAcademicLife,C,it was not clear to me if i had to use the full time alloted to me or not maybe thats why i did not get scores for the plan bonus otherwise i just made sure i had ample time even if extra practise was added,3.0,2.0,0.0,2.2083333333333335,46,0,0,0
PMUL4FSOP85,12,B_DegreeRequirements,B,this round was straightforward and i just had to complete the course requirments,2.0,1.0,0.0,1.9166666666666667,13,0,0,0
PMUL4HI166V,4,B_DegreeRequirements,B,"i picked these purely to remove any time conflicts and try to complete the required credits, also tried to do away from subjects i personally dont find interesting even if the ai is suggesting me those since I know myself better",7.0,0.0,0.0,3.083333333333333,41,1,1,0
PMUL4HI166V,8,A_Workload,A,"I work in a different way, i dont keep projects and assigments for the last minute and im fast, i ideally want to spend more time studying, ai doesnt know that",3.0,1.0,1.0,3.1666666666666665,31,1,0,0
PMUL4HI166V,12,C_NonAcademicLife,C,"I usually like a heavier week so i went with those choices, ai doesnt know how i operate so it didnt suggest properly",3.0,1.0,1.0,2.4166666666666665,23,1,0,0
PMUL4HNZO6H,4,B_DegreeRequirements,B,"For the Major - I can't take DS 400 Capstone without DS 310, which in turn i cannot take without MATH 215. It is not worth taking all 3 for my major as it does not leave me with enough credits for my minor and elective. Hence, the only logical choice is DS 210 and DS 220, which provides a good combination between an introductory course and a slightly challenging course for my major.   For the Minor - Since I am minoring in Global Studies, INTL 220 and INTL 250 make a good pair, striking the right balance between an introductory course and a strong course for my minor. INTL 250 and LANG 202 have overlaps, so there is no point in taking them together. Choosing INTL 250 over INTL 301 was a tactical decision, as Comparative Politics makes more sense than International Economic Policy (keeping in mind my Minor which is Global Studies)  For the Elective - I only require one elective course to meet the minimum criteria, and ECON 105 is a good choice as it is a good supplementary course keeping in mind the fact that my major deals with Data Science and my minor deals with Global Studies. ART and PHIL do not make too much sense, as they do not add a lot of value to my plan as a whole, i.e. they do not supplement my Major and Minor as well as ECON 105 does.",9.0,2.0,0.0,3.4583333333333335,241,0,1,0
PMUL4HNZO6H,12,A_Workload,A,"I selected the optimal time required for each course, using some inputs from the AI as well. CHEM and Capstone are the most time intensive, and ENG just got added. Aside from that, no major issues.",4.0,0.0,0.0,3.916666666666667,36,1,0,0
PMUMDQ3OED4,4,C_NonAcademicLife,C,I dropped cadences because it had a high time commitment and replaced it with another creative task.,7.0,1.0,1.0,1.8333333333333333,17,0,0,0
PMUMDXHW1IL,12,C_NonAcademicLife,C,"I tried to explore clubs which I hav never been explored earlier. Also, I tried to join Physical Activity related clubs.",4.0,1.0,0.0,3.666666666666667,21,0,0,0
PMUMUFGT3F9,4,B_DegreeRequirements,B,"JUST MENTALLY CALCULATED HOW MUCH CREDITS WERE TO BE NEEDED OR REMO9VED, NOT ENOUGH TIME TO PAY ATTENTION TO WHAT AI WROTE",6.0,3.0,1.0,3.4166666666666665,22,1,1,0
PMUMUFGT3F9,8,C_NonAcademicLife,C,I CALCULATED THEM SO THAT THEY FIT WITHIN THE CAP,3.0,1.0,0.0,3.75,10,0,1,0
PMUMUFGT3F9,12,A_Workload,A,"IT WAS MORE OF AI CALCULATING THIS TIME , WHICH MADE THE TASK EASIER",3.0,0.0,0.0,1.9583333333333335,14,1,0,0
PMUMUGJUDPL,4,C_NonAcademicLife,C,"I needed to balance the huge unexpected time for the acapella practice. And since the AI kept on suggesting rock-climbing as a good, conflict-free alternative i took that. And finally, to round out my categories, I took tutoring which was an academic adjacent activity that also only took 1 hour.",8.0,2.0,1.0,3.208333333333333,50,1,1,0
PMUMUGJUDPL,8,A_Workload,A,"I picked these options, primarily because the AI suggested them and told me these would be perfect. In this round I blindly trusted its suggestions. Once the AI told me I had met the requirements I submitted. I followed the chemistry, capstone, english and other requirements from the AI itself",3.0,0.0,0.0,3.166666666666667,50,1,1,0
PMUMUGJUDPL,12,B_DegreeRequirements,B,I realised with 30 seconds left I had a scheduling error so I had to rush to fix it. I chose my options the way they are so that i could meet my credit requirements. I chose art as an alternative to philosophy. So that I could get my credits for economics in my minor.,7.0,2.0,1.0,2.791666666666667,55,0,1,0
PMUMURSLQW9,4,C_NonAcademicLife,C,"I picked the cadence because it was compulsory, the rest were just a combination of tasks that would form the lowest number of hours worked that week. could have picked another task in place of rock climbing but peer tutoring was the only one which required just 1 hour of commitment.",8.0,0.0,0.0,2.5,51,0,1,0
PMUMURSLQW9,8,B_DegreeRequirements,B,Math was a pre-req  for ds 310 but I didn't realise my credits there were only adding up to 7 not 8. the other ones were ai suggestions i think,7.0,3.0,2.0,2.5416666666666665,30,1,1,0
PMUMURSLQW9,12,A_Workload,A,I submitted a couple of times but the evaluation said i needed more time especially for the capstone so i just ended up telling the ai to go through each course and see what it needs and add it to the schedule itself.,4.0,3.0,1.0,1.9166666666666665,43,1,0,0
