pid,age,gender,education,ai_experience_raw,domain,critical_ability,ai_planning_familiarity,emotionality
PMUL4FSOP85,18.0,Male,High school / Secondary,Daily,"STEM (Science, Technology, Engineering, Maths)",3.0,4.0,2.0
PMUL4HI166V,20.0,Male,Undergraduate (Bachelor's),Often (weekly),"STEM (Science, Technology, Engineering, Maths)",3.0,3.0,3.5
PMUL4HNZO6H,20.0,Male,Undergraduate (Bachelor's),Sometimes (a few times a month),"STEM (Science, Technology, Engineering, Maths)",4.0,2.0,2.25
PMUMDQ3OED4,19.0,Male,Undergraduate (Bachelor's),Daily,"STEM (Science, Technology, Engineering, Maths)",4.0,4.0,1.25
PMUMDROVABW,22.0,Female,Postgraduate (Master's),Often (weekly),"STEM (Science, Technology, Engineering, Maths)",2.0,3.0,3.75
PMUMDXHW1IL,18.0,Male,High school / Secondary,Daily,"STEM (Science, Technology, Engineering, Maths)",4.0,5.0,4.75
PMUMUFGT3F9,20.0,Female,High school / Secondary,Often (weekly),"STEM (Science, Technology, Engineering, Maths)",3.0,3.0,3.75
PMUMUGJUDPL,20.0,Male,Undergraduate (Bachelor's),Daily,"STEM (Science, Technology, Engineering, Maths)",4.0,4.0,3.25
PMUMURSLQW9,20.0,Female,Undergraduate (Bachelor's),Often (weekly),"STEM (Science, Technology, Engineering, Maths)",3.0,2.0,3.25
