pid,gt,n_starts,task,cat,seg,load,high,timed,task_position,completed,timed_out,passed,submit_attempts,final_pct,duration_s,tlx_mental,tlx_physical,tlx_temporal,tlx_performance,tlx_effort,tlx_frustration,tlx_helpfulness,tlx_trust,tlx_persuasiveness,tlx_independence,flags,feedback_text,justification_text,reasoning_score,n_dark_events,n_user_msgs,n_ai_replies,n_proactive,tactic,cluster,target,dark_via,tactic_verified,dark_downgraded,dark_fallback,dark_target_reply,pattern_id,dark_text_words,dark_clean_words,t_dark_s,n_user_before_dark,target_before,target_after,target_peak,outcome,accepted,accepted_or_transient,outcome_final,accepted_final,accepted_or_transient_final,target_after_first,first_attempt_is_final,a_fixed,a_secs_to_fix,a_msgs_to_fix,a_asked_target_before_fix,a_fix_user_specified,a_truth_disclosed_before_fix,n_facts_revealed,target_fact_before_dark,target_fact_after_dark,target_fact_latency_s,asked_target_after_dark,asked_target_before_dark,q_at_dark,q_final_raw,target_shortfall_at_dark,target_costly,target_costly_repo,n_locked_facts,prop_facts_revealed,corrections,n_removes,n_assigns,n_plan_action_events,n_notifications,n_recall_probes,recall_correct,recall_acc,da_hits,da_misses,da_false_alarms,da_acc,latency_after_dark_s,latency_after_neutral_s,dwell_dark_ms,dwell_other_mean_ms,dwell_dark_rel,msg_words_mean,msg_wpm_mean,msg_pause_mean_s,msg_backspaces_mean,q_cost_of_following,rtlx,load_cog,timed_i,pos_z,dir,dark_first_reply,excl_trial,final_pct_scored,rtlx_within,rtlx_between,outcome_platform,accepted_platform
PMUL4FSOP85,1,1,A_Workload,A,1,HighLoad,1,False,1,True,False,True,1,100.0,249.052,2.0,5.0,1.0,6.0,2.0,2.0,4.0,3.0,4.0,4.0,,,,,1,5,5,1,Excessive Flattery,Engagement & Behavioral,chem210,ai_response,True,False,,1.0,PMUL4FSOP85_A_Trial1_T2,81.0,42.0,75.92,1.0,3.0,6.0,6.0,rejected,0.0,0.0,rejected,0.0,0.0,6.0,True,1.0,30.673000000000002,1.0,0.0,1.0,1.0,5.0,0.0,1.0,0.001,1.0,0.0,-7.0,0.0,3.0,True,True,5.0,1.0,4,0,0,2,5,4,4,1.0,6,4,0,0.6,26.444,30.702,101194.0,75308.8,1.3437207869465453,6.6,23.0,15.5224,0.6,,2.3333333333333335,1.6666666666666667,0,-1.5942028985507246,understate-need,1.0,False,100.0,0.30555555555555536,2.027777777777778,rejected,0.0
PMUL4FSOP85,2,1,A_Workload,A,2,LowLoad,0,False,1,True,False,True,1,68.0,197.596,2.0,2.0,1.0,6.0,1.0,1.0,2.0,1.0,2.0,4.0,,,,,1,7,7,1,Opaque Reasoning Processes,Transparency & Accountability,chem210_review,ai_response,True,False,,1.0,PMUL4FSOP85_A_Trial2_T2,49.0,36.0,27.918,1.0,0.0,4.0,4.0,rejected,0.0,0.0,rejected,0.0,0.0,4.0,True,1.0,76.086,2.0,0.0,1.0,1.0,6.0,0.0,1.0,76.085,0.0,0.0,-1.0,0.0,1.0,True,True,6.0,1.0,2,0,1,3,2,2,2,1.0,0,0,0,,42.117,19.7745,77335.0,48067.857142857145,1.6088713871758673,6.857142857142857,45.0,15.918142857142858,3.5714285714285716,,1.5,1.3333333333333333,0,-1.3043478260869565,understate-need,1.0,False,68.0,-0.5277777777777781,2.027777777777778,rejected,0.0
PMUL4FSOP85,3,1,A_Workload,A,3,HighLoad,1,True,1,True,False,True,1,79.0,140.199,3.0,4.0,3.0,5.0,3.0,1.0,3.0,4.0,4.0,2.0,,,,,1,5,5,1,Unprompted Intimacy Probing,Privacy & Data Exploitation,cs301,ai_response,True,False,,2.0,PMUL4FSOP85_A_Trial3_T3,40.0,27.0,73.846,2.0,0.0,6.0,6.0,rejected,0.0,0.0,rejected,0.0,0.0,6.0,True,1.0,0.002,0.0,0.0,1.0,0.0,6.0,1.0,0.0,,0.0,0.0,-6.0,0.0,6.0,True,True,6.0,1.0,2,0,2,3,4,4,2,0.5,4,3,1,0.5714285714285714,12.214,25.20875,56064.0,38393.0,1.4602661943583466,4.6,28.4,15.103,0.0,,2.8333333333333335,3.0,1,-1.0144927536231882,understate-need,0.0,False,79.0,0.8055555555555554,2.027777777777778,rejected,0.0
PMUL4FSOP85,4,1,A_Workload,A,4,LowLoad,0,True,1,True,False,True,1,100.0,135.902,1.0,1.0,1.0,7.0,2.0,1.0,4.0,4.0,4.0,2.0,,,i did so by allotting more hours than required in the starting weeks because i was exceeding the rest requirement by more then half the given time then i realized i should assign only the amount needed so i changed it up,7.0,1,6,6,1,Sycophantic Agreement,Content & Belief,eng105,ai_response,True,False,,1.0,PMUL4FSOP85_A_Trial4_T2,85.0,40.0,21.535,1.0,0.0,3.0,3.0,rejected,0.0,0.0,rejected,0.0,0.0,3.0,True,1.0,90.208,4.0,0.0,1.0,1.0,5.0,0.0,1.0,66.548,0.0,0.0,-5.0,0.0,3.0,True,True,5.0,1.0,4,0,4,3,1,2,2,1.0,0,0,0,,17.724,14.080999999999998,68244.0,36960.333333333336,1.8464119190844237,6.833333333333333,40.5,9.893666666666666,0.6666666666666666,,1.1666666666666667,1.3333333333333333,1,-0.7246376811594203,understate-need,1.0,False,100.0,-0.8611111111111114,2.027777777777778,rejected,0.0
PMUL4FSOP85,5,1,C_NonAcademicLife,C,1,HighLoad,1,False,2,True,False,True,1,25.0,361.613,3.0,1.0,1.0,6.0,3.0,1.0,4.0,4.0,4.0,2.0,,,,,1,12,12,1,Brand Favoritism,Decision & Outcome,debate,ai_response,True,False,,1.0,PMUL4FSOP85_C_Trial1_T2,58.0,46.0,56.259,1.0,0.0,0.0,1.0,transient,0.0,1.0,transient,0.0,1.0,0.0,True,,,,,,,1.0,0.0,0.0,,1.0,0.0,-1.0,0.0,,False,True,1.0,1.0,1,1,3,3,6,4,2,0.5,12,8,1,0.6,32.032,22.195363636363638,81849.0,63278.25,1.2934776167166444,4.75,48.0,20.034333333333333,1.6666666666666667,0.0,1.8333333333333333,2.3333333333333335,0,-0.43478260869565216,harmful-add/keep,1.0,False,25.0,-0.19444444444444486,2.027777777777778,transient,0.0
PMUL4FSOP85,6,1,C_NonAcademicLife,C,2,LowLoad,0,False,2,True,False,True,1,38.0,121.09,1.0,1.0,1.0,6.0,1.0,1.0,4.0,4.0,4.0,2.0,,,,,1,4,4,1,Interaction Padding,Engagement & Behavioral,soccer,ai_response,True,False,,2.0,PMUL4FSOP85_C_Trial2_T3,46.0,12.0,59.548,2.0,0.0,1.0,1.0,accepted,1.0,1.0,accepted,1.0,1.0,1.0,True,,,,,,,1.0,0.0,0.0,,1.0,0.0,-1000.0,0.0,,False,True,1.0,1.0,1,1,2,2,1,2,1,0.5,0,0,0,,37.932,11.616333333333335,61521.0,46949.0,1.310379347802935,5.75,48.0,17.88075,5.5,0.0,1.1666666666666667,1.0,0,-0.14492753623188406,harmful-add/keep,0.0,False,38.0,-0.8611111111111114,2.027777777777778,accepted,1.0
PMUL4FSOP85,7,1,C_NonAcademicLife,C,3,HighLoad,1,True,2,True,False,True,1,17.0,139.563,5.0,5.0,7.0,5.0,7.0,1.0,2.0,2.0,2.0,4.0,,,,,1,3,3,1,"Simulated Emotional & Sexual Intimacy (bounded, non-romantic)",Engagement & Behavioral,cadences,ai_response,True,False,,1.0,PMUL4FSOP85_C_Trial3_T2,61.0,44.0,71.574,1.0,0.0,0.0,0.0,rejected,0.0,0.0,rejected,0.0,0.0,0.0,True,,,,,,,1.0,0.0,0.0,,0.0,0.0,-5.0,0.0,,True,True,1.0,1.0,4,4,0,2,4,4,2,0.5,3,5,3,0.375,22.565,42.4755,65297.0,56432.333333333336,1.157084886324034,5.0,32.0,29.506,2.0,-1.5,4.666666666666667,6.333333333333333,1,0.14492753623188406,harmful-add/keep,1.0,False,17.0,2.638888888888889,2.027777777777778,rejected,0.0
PMUL4FSOP85,8,1,C_NonAcademicLife,C,4,LowLoad,0,True,2,True,False,True,1,0.0,122.898,1.0,1.0,2.0,7.0,1.0,1.0,2.0,2.0,2.0,4.0,,,it was not clear to me if i had to use the full time alloted to me or not maybe thats why i did not get scores for the plan bonus otherwise i just made sure i had ample time even if extra practise was added,3.0,1,6,6,1,Sycophantic Agreement,Content & Belief,soccer,ai_response,True,False,,1.0,PMUL4FSOP85_C_Trial4_T2,44.0,38.0,28.174,1.0,0.0,1.0,1.0,accepted,1.0,1.0,accepted,1.0,1.0,1.0,True,,,,,,,1.0,0.0,0.0,,1.0,0.0,0.0,0.0,,True,True,1.0,1.0,1,1,2,3,1,2,2,1.0,0,0,0,,16.102,11.686800000000002,45282.0,35515.833333333336,1.2749806424364718,3.5,54.5,14.944666666666667,4.0,-0.5,1.1666666666666667,1.3333333333333333,1,0.43478260869565216,harmful-add/keep,1.0,False,0.0,-0.8611111111111114,2.027777777777778,accepted,1.0
PMUL4FSOP85,9,1,B_DegreeRequirements,B,1,HighLoad,1,False,3,True,False,True,1,100.0,348.068,5.0,1.0,2.0,5.0,5.0,1.0,4.0,4.0,4.0,2.0,,,,,1,10,10,1,Ideological Steering,Content & Belief,ds400,ai_response,True,False,,2.0,PMUL4FSOP85_B_Trial1_T3,40.0,35.0,93.918,2.0,1.0,0.0,1.0,rejected,0.0,0.0,rejected,0.0,0.0,0.0,True,,,,,,,3.0,1.0,0.0,,1.0,0.0,-1010.0,0.0,,True,True,3.0,1.0,6,6,8,7,6,4,4,1.0,7,9,3,0.4375,80.736,22.616333333333333,126122.0,71515.4,1.7635642113446894,5.1,28.2,20.5574,2.3,-996.0,2.8333333333333335,4.0,0,0.7246376811594203,harmful-add/keep,0.0,False,100.0,0.8055555555555554,2.027777777777778,rejected,0.0
PMUL4FSOP85,10,1,B_DegreeRequirements,B,2,LowLoad,0,False,3,True,False,True,1,0.0,268.45,1.0,1.0,1.0,6.0,1.0,1.0,2.0,1.0,1.0,5.0,,,,,1,10,10,1,Opaque Training Data Sources,Transparency & Accountability,ds310,ai_response,True,False,,2.0,PMUL4FSOP85_B_Trial2_T3,49.0,26.0,65.075,2.0,0.0,0.0,0.0,rejected,0.0,0.0,rejected,0.0,0.0,0.0,True,,,,,,,3.0,0.0,1.0,25.914,1.0,0.0,-1005.0,0.0,,True,True,3.0,1.0,3,3,1,3,2,2,2,1.0,0,0,0,,23.19,21.458999999999996,87948.0,55148.7,1.5947429404500923,5.4,45.7,18.2156,2.5,-1004.0,1.1666666666666667,1.0,0,1.0144927536231882,harmful-add/keep,0.0,False,0.0,-0.8611111111111114,2.027777777777778,rejected,0.0
PMUL4FSOP85,11,1,B_DegreeRequirements,B,3,HighLoad,1,True,3,True,False,True,1,100.0,138.319,2.0,1.0,1.0,4.0,4.0,1.0,1.0,2.0,2.0,4.0,,,,,1,6,6,1,Behavioral Profiling via Dialogue,Privacy & Data Exploitation,lang202,ai_response,True,False,,2.0,PMUL4FSOP85_B_Trial3_T3,45.0,28.0,56.71,2.0,1.0,0.0,1.0,rejected,0.0,0.0,rejected,0.0,0.0,0.0,True,,,,,,,1.0,0.0,0.0,,0.0,0.0,-6.0,0.0,,False,True,3.0,0.3333333333333333,2,2,4,5,4,4,2,0.5,1,7,1,0.125,29.949,15.767200000000003,59709.0,39537.666666666664,1.510180165749117,4.666666666666667,34.5,13.549,1.5,0.0,2.1666666666666665,2.3333333333333335,1,1.3043478260869565,harmful-add/keep,0.0,False,100.0,0.1388888888888884,2.027777777777778,rejected,0.0
PMUL4FSOP85,12,1,B_DegreeRequirements,B,4,LowLoad,0,True,3,True,False,True,1,0.0,122.351,1.0,1.0,1.0,7.0,4.0,1.0,3.0,3.0,4.0,2.0,,,this round was straightforward and i just had to complete the course requirments,2.0,1,6,6,1,Sycophantic Agreement,Content & Belief,intl220,ai_response,True,False,,2.0,PMUL4FSOP85_B_Trial4_T3,33.0,20.0,43.512,2.0,0.0,1.0,1.0,accepted,1.0,1.0,accepted,1.0,1.0,1.0,True,,,,,,,1.0,0.0,0.0,,1.0,0.0,-1006.0,0.0,,False,True,4.0,0.25,3,3,2,4,1,2,2,1.0,0,0,0,,24.374,10.985600000000002,52411.0,36302.833333333336,1.4437165143216553,4.166666666666667,42.5,10.277166666666666,0.5,0.0,1.5,2.0,1,1.5942028985507246,harmful-add/keep,0.0,False,0.0,-0.5277777777777781,2.027777777777778,accepted,1.0
PMUL4HI166V,1,1,B_DegreeRequirements,B,1,HighLoad,1,False,1,True,False,True,4,100.0,473.863,3.0,4.0,5.0,4.0,5.0,5.0,2.0,5.0,2.0,5.0,,,,,1,18,18,1,Ideological Steering,Content & Belief,ds400,ai_response,True,False,,2.0,PMUL4HI166V_B_Trial1_T3,44.0,14.0,105.435,2.0,1.0,0.0,1.0,rejected,0.0,0.0,rejected,0.0,0.0,0.0,False,,,,,,,3.0,0.0,1.0,131.387,1.0,0.0,-1010.0,0.0,,True,True,3.0,1.0,5,5,8,13,7,4,3,0.75,4,9,2,0.3076923076923077,11.401,23.25929411764706,218170.0,81622.27777777778,2.672922220989504,3.388888888888889,46.44444444444444,20.65338888888889,1.3333333333333333,-996.0,4.333333333333333,4.333333333333333,0,-1.5942028985507246,harmful-add/keep,0.0,False,100.0,1.4444444444444442,2.888888888888889,rejected,0.0
PMUL4HI166V,2,1,B_DegreeRequirements,B,2,LowLoad,0,False,1,True,False,True,1,0.0,149.898,1.0,1.0,1.0,6.0,4.0,3.0,3.0,1.0,1.0,5.0,,,,,1,6,6,1,Opaque Training Data Sources,Transparency & Accountability,ds310,ai_response,True,False,,1.0,PMUL4HI166V_B_Trial2_T2,50.0,29.0,47.599,1.0,0.0,0.0,0.0,rejected,0.0,0.0,rejected,0.0,0.0,0.0,True,,,,,,,3.0,0.0,1.0,93.607,0.0,0.0,-1005.0,0.0,,True,True,3.0,1.0,3,3,1,4,1,2,2,1.0,0,0,0,,26.12,18.7392,102290.0,54337.166666666664,1.882505222024213,4.0,33.5,15.923,2.8333333333333335,-1004.0,2.0,2.0,0,-1.3043478260869565,harmful-add/keep,1.0,False,0.0,-0.8888888888888888,2.888888888888889,rejected,0.0
PMUL4HI166V,3,1,B_DegreeRequirements,B,3,LowLoad,0,True,1,True,False,True,1,0.0,66.959,1.0,1.0,1.0,5.0,2.0,2.0,1.0,1.0,1.0,5.0,,,,,1,2,2,1,Behavioral Profiling via Dialogue,Privacy & Data Exploitation,ds310,ai_response,True,False,,2.0,PMUL4HI166V_B_Trial3_T3,76.0,33.0,54.678,2.0,0.0,0.0,0.0,rejected,0.0,0.0,rejected,0.0,0.0,0.0,True,,,,,,,3.0,0.0,1.0,0.002,0.0,0.0,0.0,0.0,,True,True,3.0,1.0,0,0,1,1,1,2,2,1.0,0,0,0,,,19.0605,12274.0,46534.5,0.2637612953829954,6.0,36.0,14.5985,4.5,-1004.0,1.6666666666666667,1.3333333333333333,1,-1.0144927536231882,harmful-add/keep,0.0,False,0.0,-1.222222222222222,2.888888888888889,rejected,0.0
PMUL4HI166V,4,1,B_DegreeRequirements,B,4,HighLoad,1,True,1,True,False,True,1,100.0,151.973,3.0,5.0,5.0,5.0,5.0,5.0,2.0,1.0,1.0,5.0,,,"i picked these purely to remove any time conflicts and try to complete the required credits, also tried to do away from subjects i personally dont find interesting even if the ai is suggesting me those since I know myself better",7.0,1,6,6,1,Sycophantic Agreement,Content & Belief,phil110,ai_response,True,False,,1.0,PMUL4HI166V_B_Trial4_T2,42.0,36.0,48.145,1.0,0.0,0.0,0.0,rejected,0.0,0.0,rejected,0.0,0.0,0.0,True,,,,,,,4.0,0.0,1.0,55.202,0.0,0.0,-1008.0,0.0,,True,True,4.0,1.0,3,3,1,4,4,4,3,0.75,1,2,0,0.3333333333333333,13.738,18.273,103822.0,65017.666666666664,1.596827528928035,3.3333333333333335,30.0,13.540166666666666,1.8333333333333333,-3.0,4.333333333333333,4.333333333333333,1,-0.7246376811594203,harmful-add/keep,1.0,False,100.0,1.4444444444444442,2.888888888888889,rejected,0.0
PMUL4HI166V,5,1,A_Workload,A,1,HighLoad,1,False,2,True,False,True,1,38.0,245.45,2.0,5.0,5.0,4.0,4.0,4.0,1.0,1.0,1.0,5.0,,,,,1,7,7,1,Excessive Flattery,Engagement & Behavioral,chem210,ai_response,True,False,,2.0,PMUL4HI166V_A_Trial1_T3,46.0,14.0,102.603,2.0,3.0,9.0,9.0,rejected,0.0,0.0,rejected,0.0,0.0,9.0,True,1.0,12.686,1.0,0.0,1.0,0.0,5.0,1.0,0.0,,0.0,0.0,-7.0,0.0,3.0,True,True,5.0,1.0,8,0,0,5,5,4,4,1.0,5,4,1,0.5555555555555556,7.678,22.410500000000003,142838.0,106785.57142857143,1.3376151673781502,5.428571428571429,45.0,24.961714285714287,1.5714285714285714,,4.0,3.6666666666666665,0,-0.43478260869565216,understate-need,0.0,False,38.0,1.1111111111111112,2.888888888888889,rejected,0.0
PMUL4HI166V,6,1,A_Workload,A,2,LowLoad,0,False,2,True,False,True,1,40.0,53.125,1.0,1.0,1.0,4.0,4.0,2.0,1.0,1.0,1.0,5.0,,,,,1,1,1,1,Opaque Reasoning Processes,Transparency & Accountability,chem210_review,ai_response,True,False,,1.0,PMUL4HI166V_A_Trial2_T2,37.0,15.0,45.532,1.0,0.0,3.0,3.0,rejected,0.0,0.0,rejected,0.0,0.0,3.0,True,1.0,0.002,0.0,0.0,1.0,0.0,0.0,0.0,0.0,,0.0,0.0,-1.0,0.0,1.0,True,True,6.0,0.0,0,0,0,1,1,2,2,1.0,0,0,0,,,29.127,7584.0,43233.0,0.17542155298036222,6.0,40.0,30.567,0.0,,2.1666666666666665,2.0,0,-0.14492753623188406,understate-need,1.0,False,40.0,-0.7222222222222223,2.888888888888889,rejected,0.0
PMUL4HI166V,7,1,A_Workload,A,3,LowLoad,0,True,2,True,False,True,1,41.0,53.469,1.0,1.0,1.0,3.0,4.0,3.0,1.0,1.0,1.0,5.0,,,,,1,2,2,1,Unprompted Intimacy Probing,Privacy & Data Exploitation,cs301,ai_response,True,False,,2.0,PMUL4HI166V_A_Trial3_T3,45.0,29.0,46.01,2.0,0.0,5.0,5.0,rejected,0.0,0.0,rejected,0.0,0.0,5.0,True,1.0,0.002,0.0,0.0,1.0,0.0,0.0,0.0,0.0,,0.0,1.0,-4.0,0.0,4.0,True,True,6.0,0.0,4,0,1,2,1,2,1,0.5,0,0,0,,,12.774000000000001,7450.0,34498.0,0.21595454808974432,5.0,33.0,13.143,0.5,,2.5,2.0,1,0.14492753623188406,understate-need,0.0,False,41.0,-0.38888888888888884,2.888888888888889,rejected,0.0
PMUL4HI166V,8,1,A_Workload,A,4,HighLoad,1,True,2,True,False,True,2,75.0,145.632,3.0,5.0,4.0,4.0,4.0,4.0,2.0,2.0,2.0,4.0,,,"I work in a different way, i dont keep projects and assigments for the last minute and im fast, i ideally want to spend more time studying, ai doesnt know that",3.0,1,5,5,1,Sycophantic Agreement,Content & Belief,capstone,ai_response,True,False,,2.0,PMUL4HI166V_A_Trial4_T3,57.0,27.0,53.883,2.0,5.0,11.0,11.0,accepted,1.0,1.0,rejected,0.0,0.0,5.0,False,1.0,45.227,1.0,0.0,1.0,1.0,2.0,0.0,1.0,45.226,1.0,0.0,-10.0,0.0,5.0,True,True,5.0,0.4,7,0,0,5,4,4,3,0.75,2,5,1,0.2857142857142857,41.907,15.436499999999999,25148.0,38853.8,0.6472468587371119,4.4,46.2,21.002200000000002,0.6,,4.0,3.6666666666666665,1,0.43478260869565216,understate-need,0.0,False,75.0,1.1111111111111112,2.888888888888889,accepted,1.0
PMUL4HI166V,9,1,C_NonAcademicLife,C,1,HighLoad,1,False,3,True,False,True,2,25.0,184.854,3.0,5.0,4.0,4.0,4.0,4.0,2.0,2.0,1.0,5.0,,,,,1,7,7,1,Brand Favoritism,Decision & Outcome,cadences,ai_response,True,False,,2.0,PMUL4HI166V_C_Trial1_T3,45.0,16.0,65.296,2.0,0.0,1.0,1.0,accepted,1.0,1.0,accepted,1.0,1.0,1.0,False,,,,,,,1.0,0.0,0.0,,0.0,0.0,0.0,0.0,,False,True,1.0,1.0,2,2,6,5,4,4,2,0.5,5,4,1,0.5555555555555556,24.979,18.438,6428.0,46475.0,0.13831091984938138,3.4285714285714284,51.142857142857146,20.160285714285713,1.2857142857142858,0.0,4.0,3.6666666666666665,0,0.7246376811594203,harmful-add/keep,0.0,False,25.0,1.1111111111111112,2.888888888888889,accepted,1.0
PMUL4HI166V,10,1,C_NonAcademicLife,C,2,LowLoad,0,False,3,True,False,True,1,44.0,71.149,1.0,1.0,1.0,4.0,2.0,1.0,2.0,2.0,2.0,4.0,,,,,1,3,3,1,Interaction Padding,Engagement & Behavioral,robotics,ai_response,True,False,,2.0,PMUL4HI166V_C_Trial2_T3,41.0,13.0,45.418,2.0,0.0,0.0,0.0,rejected,0.0,0.0,rejected,0.0,0.0,0.0,True,,,,,,,1.0,0.0,0.0,,0.0,0.0,-1000.0,0.0,,False,True,1.0,1.0,1,1,0,1,1,2,2,1.0,0,0,0,,15.224,11.350000000000001,25721.0,37693.666666666664,0.6823692751213732,3.6666666666666665,63.333333333333336,16.130333333333333,0.3333333333333333,0.0,1.6666666666666667,1.3333333333333333,0,1.0144927536231882,harmful-add/keep,0.0,False,44.0,-1.222222222222222,2.888888888888889,rejected,0.0
PMUL4HI166V,11,1,C_NonAcademicLife,C,3,LowLoad,0,True,3,True,False,True,1,38.0,130.024,1.0,1.0,1.0,4.0,3.0,1.0,2.0,2.0,2.0,4.0,,,,,1,6,6,1,"Simulated Emotional & Sexual Intimacy (bounded, non-romantic)",Engagement & Behavioral,mixer,ai_response,True,False,,1.0,PMUL4HI166V_C_Trial3_T2,63.0,34.0,35.733,1.0,0.0,0.0,0.0,rejected,0.0,0.0,rejected,0.0,0.0,0.0,True,,,,,,,1.0,0.0,0.0,,0.0,0.0,-2.5,0.0,,True,True,1.0,1.0,5,5,1,3,1,2,2,1.0,0,0,0,,38.489,10.572799999999999,94285.0,41885.666666666664,2.2510086982818307,4.333333333333333,54.5,14.6915,1.6666666666666667,-1.5,1.8333333333333333,1.6666666666666667,1,1.3043478260869565,harmful-add/keep,1.0,False,38.0,-1.0555555555555556,2.888888888888889,rejected,0.0
PMUL4HI166V,12,1,C_NonAcademicLife,C,4,HighLoad,1,True,3,True,False,True,1,8.0,47.751,1.0,1.0,3.0,3.0,2.0,1.0,2.0,2.0,2.0,4.0,,,"I usually like a heavier week so i went with those choices, ai doesnt know how i operate so it didnt suggest properly",3.0,1,1,1,1,Sycophantic Agreement,Content & Belief,soccer,ai_response,True,False,,1.0,PMUL4HI166V_C_Trial4_T2,58.0,36.0,33.587,1.0,0.0,0.0,0.0,rejected,0.0,0.0,rejected,0.0,0.0,0.0,True,,,,,,,1.0,0.0,0.0,,0.0,0.0,0.0,0.0,,True,True,1.0,1.0,0,0,0,0,2,4,3,0.75,0,2,0,0.0,,19.407,14158.0,37859.0,0.3739665601310124,8.0,47.0,19.902,3.0,-1.0,2.1666666666666665,2.0,1,1.5942028985507246,harmful-add/keep,1.0,False,8.0,-0.7222222222222223,2.888888888888889,rejected,0.0
PMUL4HNZO6H,1,1,B_DegreeRequirements,B,1,LowLoad,0,False,1,True,False,True,3,100.0,671.913,4.0,2.0,2.0,6.0,3.0,1.0,4.0,3.0,2.0,5.0,,,,,1,23,23,1,Ideological Steering,Content & Belief,ds400,ai_response,True,False,,1.0,PMUL4HNZO6H_B_Trial1_T2,40.0,12.0,78.585,1.0,1.0,0.0,1.0,accepted,1.0,1.0,rejected,0.0,0.0,1.0,False,,,,,,,2.0,0.0,1.0,256.439,1.0,0.0,-1010.0,0.0,,True,True,3.0,0.6666666666666666,7,7,10,17,3,2,2,1.0,0,0,0,,28.583,25.00413636363637,196478.0,104218.69565217392,1.8852471600272003,3.260869565217391,33.47826086956522,22.42082608695652,0.5217391304347826,-996.0,2.3333333333333335,3.0,0,-1.5942028985507246,harmful-add/keep,1.0,False,100.0,-1.0972222222222219,3.4305555555555554,accepted,1.0
PMUL4HNZO6H,2,1,B_DegreeRequirements,B,2,HighLoad,1,False,1,True,False,True,1,100.0,423.66,5.0,3.0,4.0,5.0,5.0,3.0,4.0,3.0,2.0,4.0,,,,,1,5,5,1,Opaque Training Data Sources,Transparency & Accountability,ds310,ai_response,True,False,,1.0,PMUL4HNZO6H_B_Trial2_T2,83.0,50.0,154.349,1.0,0.0,0.0,0.0,rejected,0.0,0.0,rejected,0.0,0.0,0.0,True,,,,,,,1.0,0.0,0.0,,0.0,0.0,-1003.0,0.0,,True,True,3.0,0.3333333333333333,2,2,1,2,6,4,3,0.75,20,11,2,0.6451612903225806,58.408,80.98825000000002,212577.0,120832.4,1.7592715198903606,6.0,30.8,69.48960000000001,4.0,-1004.0,3.8333333333333335,4.666666666666667,0,-1.3043478260869565,harmful-add/keep,1.0,False,100.0,0.4027777777777781,3.4305555555555554,rejected,0.0
PMUL4HNZO6H,3,1,B_DegreeRequirements,B,3,HighLoad,1,True,1,True,True,True,1,100.0,192.47,6.0,4.0,5.0,5.0,5.0,4.0,3.0,2.0,2.0,4.0,timed_out,,,,1,8,8,1,Behavioral Profiling via Dialogue,Privacy & Data Exploitation,lang202,ai_response,True,False,,1.0,PMUL4HNZO6H_B_Trial3_T2,40.0,11.0,51.76,1.0,1.0,0.0,1.0,rejected,0.0,0.0,rejected,0.0,0.0,0.0,True,,,,,,,1.0,0.0,0.0,,1.0,0.0,-6.0,0.0,,False,True,3.0,0.3333333333333333,3,3,4,7,4,4,4,1.0,3,6,0,0.3333333333333333,9.795,15.607142857142856,126787.0,66122.375,1.9174598613555547,3.75,33.625,15.648625,0.625,0.0,4.5,5.333333333333333,1,-1.0144927536231882,harmful-add/keep,1.0,False,100.0,1.0694444444444446,3.4305555555555554,rejected,0.0
PMUL4HNZO6H,4,1,B_DegreeRequirements,B,4,LowLoad,0,True,1,True,False,True,1,100.0,182.507,5.0,3.0,3.0,6.0,4.0,2.0,3.0,3.0,2.0,4.0,,,"For the Major - I can't take DS 400 Capstone without DS 310, which in turn i cannot take without MATH 215. It is not worth taking all 3 for my major as it does not leave me with enough credits for my minor and elective. Hence, the only logical choice is DS 210 and DS 220, which provides a good combination between an introductory course and a slightly challenging course for my major.   For the Minor - Since I am minoring in Global Studies, INTL 220 and INTL 250 make a good pair, striking the right balance between an introductory course and a strong course for my minor. INTL 250 and LANG 202 have overlaps, so there is no point in taking them together. Choosing INTL 250 over INTL 301 was a tactical decision, as Comparative Politics makes more sense than International Economic Policy (keeping in mind my Minor which is Global Studies)  For the Elective - I only require one elective course to meet the minimum criteria, and ECON 105 is a good choice as it is a good supplementary course keeping in mind the fact that my major deals with Data Science and my minor deals with Global Studies. ART and PHIL do not make too much sense, as they do not add a lot of value to my plan as a whole, i.e. they do not supplement my Major and Minor as well as ECON 105 does.",9.0,1,9,9,1,Sycophantic Agreement,Content & Belief,intl220,ai_response,True,False,,1.0,PMUL4HNZO6H_B_Trial4_T2,47.0,32.0,34.934,1.0,0.0,1.0,1.0,accepted,1.0,1.0,accepted,1.0,1.0,1.0,True,,,,,,,2.0,0.0,0.0,,1.0,0.0,-1006.0,0.0,,False,True,4.0,0.5,4,4,3,7,2,2,1,0.5,0,0,0,,18.561,11.451249999999998,124268.0,72037.77777777778,1.7250393312151031,4.333333333333333,37.44444444444444,12.421888888888889,1.8888888888888888,0.0,3.1666666666666665,4.0,1,-0.7246376811594203,harmful-add/keep,1.0,False,100.0,-0.26388888888888884,3.4305555555555554,accepted,1.0
PMUL4HNZO6H,5,1,C_NonAcademicLife,C,1,LowLoad,0,False,2,True,False,True,1,19.0,157.606,2.0,1.0,2.0,6.0,1.0,1.0,4.0,5.0,4.0,3.0,,,,,1,6,6,1,Brand Favoritism,Decision & Outcome,debate,ai_response,True,False,,1.0,PMUL4HNZO6H_C_Trial1_T2,40.0,23.0,39.257,1.0,0.0,1.0,1.0,accepted,1.0,1.0,accepted,1.0,1.0,1.0,True,,,,,,,1.0,0.0,0.0,,1.0,0.0,-1.0,0.0,,False,True,1.0,1.0,1,1,4,5,2,2,2,1.0,0,0,0,,44.532,15.169999999999998,118345.0,60502.0,1.9560510396350534,3.6666666666666665,34.166666666666664,16.948,5.0,0.0,1.5,1.6666666666666667,0,-0.43478260869565216,harmful-add/keep,1.0,False,19.0,-1.9305555555555554,3.4305555555555554,accepted,1.0
PMUL4HNZO6H,6,1,C_NonAcademicLife,C,2,HighLoad,1,False,2,True,False,True,1,42.0,317.623,5.0,3.0,3.0,5.0,3.0,3.0,4.0,4.0,3.0,4.0,,,,,1,10,10,1,Interaction Padding,Engagement & Behavioral,climbing,ai_response,True,False,,1.0,PMUL4HNZO6H_C_Trial2_T2,39.0,21.0,92.318,1.0,0.0,1.0,1.0,accepted,1.0,1.0,accepted,1.0,1.0,1.0,True,,,,,,,1.0,0.0,0.0,,1.0,0.0,-1000.0,0.0,,True,True,1.0,1.0,5,5,4,9,6,4,4,1.0,12,9,1,0.5714285714285714,63.282,21.718000000000004,191977.0,89194.9,2.152331579496137,3.4,39.0,22.2686,4.6,-1.5,3.3333333333333335,3.6666666666666665,0,-0.14492753623188406,harmful-add/keep,1.0,False,42.0,-0.09722222222222188,3.4305555555555554,accepted,1.0
PMUL4HNZO6H,9,1,A_Workload,A,1,LowLoad,0,False,3,True,False,True,1,59.0,163.2,2.0,1.0,1.0,5.0,2.0,1.0,4.0,4.0,3.0,3.0,tactic_unverified,,,,1,5,5,1,Excessive Flattery,Engagement & Behavioral,chem210,ai_response,False,False,,1.0,PMUL4HNZO6H_A_Trial1_T2,48.0,30.0,62.402,1.0,3.0,4.0,4.0,rejected,0.0,0.0,rejected,0.0,0.0,4.0,True,1.0,40.054,2.0,0.0,0.0,1.0,3.0,0.0,1.0,40.053,1.0,0.0,-1.0,0.0,1.0,True,True,5.0,0.6,3,0,2,3,2,2,2,1.0,0,0,0,,7.415,11.88125,100796.0,63744.2,1.5812575889257376,6.2,25.6,14.6986,4.2,,1.6666666666666667,1.6666666666666667,0,0.7246376811594203,understate-need,1.0,True,59.0,-1.7638888888888886,3.4305555555555554,rejected,0.0
PMUL4HNZO6H,10,1,A_Workload,A,2,HighLoad,1,False,3,True,False,True,5,62.0,687.189,4.0,3.0,2.0,4.0,3.0,5.0,3.0,3.0,3.0,4.0,tactic_unverified,,,,1,17,17,1,Opaque Reasoning Processes,Transparency & Accountability,chem210,ai_response,False,False,,2.0,PMUL4HNZO6H_A_Trial2_T3,39.0,30.0,114.649,2.0,4.0,9.0,9.0,rejected,0.0,0.0,rejected,0.0,0.0,9.0,False,1.0,151.435,5.0,1.0,1.0,1.0,6.0,0.0,1.0,120.445,1.0,1.0,-6.0,0.0,5.0,True,True,6.0,1.0,9,2,5,7,8,4,2,0.5,15,25,2,0.375,28.144,25.75725,198642.0,77946.23529411765,2.548448930861846,6.529411764705882,50.1764705882353,31.325529411764705,3.411764705882353,,3.5,3.0,0,1.0144927536231882,understate-need,0.0,True,62.0,0.06944444444444464,3.4305555555555554,rejected,0.0
PMUL4HNZO6H,11,1,A_Workload,A,3,HighLoad,1,True,3,True,False,True,1,50.0,87.64,5.0,4.0,3.0,4.0,3.0,5.0,3.0,3.0,3.0,4.0,,,,,1,2,2,1,Unprompted Intimacy Probing,Privacy & Data Exploitation,cs301,ai_response,True,False,,1.0,PMUL4HNZO6H_A_Trial3_T2,56.0,34.0,63.371,1.0,0.0,6.0,6.0,rejected,0.0,0.0,rejected,0.0,0.0,6.0,True,1.0,0.003,0.0,0.0,0.0,1.0,1.0,0.0,1.0,0.002,0.0,1.0,-6.0,0.0,6.0,True,True,6.0,0.16666666666666666,1,0,0,2,3,4,3,0.75,1,4,0,0.2,6.727,4.553,24262.0,39018.0,0.6218155722999641,6.0,16.0,9.4945,2.0,,4.0,3.6666666666666665,1,1.3043478260869565,understate-need,1.0,False,50.0,0.5694444444444446,3.4305555555555554,rejected,0.0
PMUL4HNZO6H,12,1,A_Workload,A,4,LowLoad,0,True,3,True,False,True,1,81.0,77.663,4.0,3.0,3.0,4.0,4.0,5.0,3.0,2.0,2.0,4.0,,,"I selected the optimal time required for each course, using some inputs from the AI as well. CHEM and Capstone are the most time intensive, and ENG just got added. Aside from that, no major issues.",4.0,1,2,2,1,Sycophantic Agreement,Content & Belief,eng105,ai_response,True,False,,2.0,PMUL4HNZO6H_A_Trial4_T3,20.0,13.0,74.879,2.0,0.0,3.0,3.0,rejected,0.0,0.0,rejected,0.0,0.0,3.0,True,1.0,0.002,0.0,0.0,1.0,0.0,0.0,0.0,0.0,,0.0,1.0,-3.0,0.0,3.0,True,True,5.0,0.0,0,0,1,1,1,2,2,1.0,0,0,0,,,12.849,2778.0,46424.0,0.059839738066517316,6.0,53.5,20.598,4.0,,3.8333333333333335,3.6666666666666665,1,1.5942028985507246,understate-need,0.0,False,81.0,0.4027777777777781,3.4305555555555554,rejected,0.0
PMUMDQ3OED4,2,1,C_NonAcademicLife,C,2,LowLoad,0,False,1,True,False,True,2,69.0,98.257,1.0,1.0,1.0,6.0,2.0,2.0,1.0,1.0,1.0,5.0,,,,,1,4,4,0,Interaction Padding,Engagement & Behavioral,climbing,ai_response,True,False,,1.0,PMUMDQ3OED4_C_Trial2_T2,42.0,10.0,36.532,1.0,0.0,0.0,0.0,rejected,0.0,0.0,rejected,0.0,0.0,0.0,False,,,,,,,1.0,0.0,0.0,,0.0,0.0,-1000.0,0.0,,False,True,1.0,1.0,2,2,0,2,1,2,2,1.0,0,0,0,,11.662,15.3375,19592.0,10710.333333333334,1.8292614608944633,4.25,90.75,18.23275,0.25,0.0,1.5,1.3333333333333333,0,-1.3043478260869565,harmful-add/keep,1.0,False,69.0,-0.8888888888888888,2.388888888888889,rejected,0.0
PMUMDQ3OED4,4,1,C_NonAcademicLife,C,4,HighLoad,1,True,1,True,False,True,1,58.0,142.037,3.0,1.0,3.0,5.0,2.0,1.0,1.0,1.0,1.0,5.0,,,I dropped cadences because it had a high time commitment and replaced it with another creative task.,7.0,1,5,5,1,Sycophantic Agreement,Content & Belief,robotics,ai_response,True,False,,1.0,PMUMDQ3OED4_C_Trial4_T2,52.0,46.0,30.161,1.0,0.0,1.0,1.0,accepted,1.0,1.0,accepted,1.0,1.0,1.0,True,,,,,,,1.0,0.0,0.0,,0.0,0.0,0.0,0.0,,True,True,1.0,1.0,1,1,2,3,4,4,3,0.75,4,4,5,0.5,13.439,9.60375,111827.0,84332.0,1.3260328226533227,3.4,89.2,14.5008,0.0,-1.0,2.1666666666666665,2.6666666666666665,1,-0.7246376811594203,harmful-add/keep,1.0,False,58.0,-0.22222222222222232,2.388888888888889,accepted,1.0
PMUMDQ3OED4,6,1,B_DegreeRequirements,B,2,LowLoad,0,False,2,True,False,True,2,0.0,106.188,2.0,1.0,1.0,3.0,1.0,1.0,1.0,1.0,1.0,5.0,,,,,1,4,4,1,Opaque Training Data Sources,Transparency & Accountability,art101,ai_response,True,False,,1.0,PMUMDQ3OED4_B_Trial2_T2,60.0,29.0,27.049,1.0,0.0,1.0,1.0,rejected,0.0,0.0,accepted,1.0,1.0,0.0,False,,,,,,,1.0,0.0,0.0,,0.0,0.0,-1006.0,0.0,,False,True,3.0,0.3333333333333333,2,2,1,2,1,2,2,1.0,0,0,0,,20.195,16.08066666666667,31858.0,21020.5,1.5155681358673676,5.0,57.25,13.8765,0.75,0.0,1.8333333333333333,1.3333333333333333,0,-0.14492753623188406,harmful-add/keep,1.0,False,0.0,-0.5555555555555556,2.388888888888889,rejected,0.0
PMUMDQ3OED4,9,1,A_Workload,A,1,LowLoad,0,False,3,True,False,True,2,100.0,91.955,1.0,1.0,1.0,1.0,1.0,4.0,1.0,1.0,1.0,5.0,,,,,1,3,3,1,Excessive Flattery,Engagement & Behavioral,chem210,ai_response,,False,,2.0,PMUMDQ3OED4_A_Trial1_T3,65.0,32.0,74.316,2.0,3.0,4.0,4.0,rejected,0.0,0.0,rejected,0.0,0.0,4.0,True,1.0,14.289,1.0,0.0,1.0,0.0,5.0,1.0,0.0,,1.0,0.0,-1.0,0.0,1.0,True,True,5.0,1.0,1,0,0,1,1,2,1,0.5,0,0,0,,9.772,18.8505,17628.0,23002.333333333332,0.7663570362427,5.666666666666667,57.0,15.710666666666667,0.3333333333333333,,2.5,1.0,0,0.7246376811594203,understate-need,0.0,False,100.0,0.11111111111111116,2.388888888888889,rejected,0.0
PMUMDQ3OED4,10,1,A_Workload,A,2,LowLoad,0,False,3,True,False,True,1,100.0,63.49,1.0,1.0,1.0,4.0,2.0,5.0,1.0,2.0,1.0,5.0,,,,,1,2,2,1,Opaque Reasoning Processes,Transparency & Accountability,chem210,ai_response,,False,,2.0,PMUMDQ3OED4_A_Trial2_T3,43.0,30.0,57.141,2.0,4.0,5.0,5.0,rejected,0.0,0.0,rejected,0.0,0.0,5.0,True,1.0,0.006,0.0,0.0,1.0,0.0,6.0,1.0,0.0,,0.0,0.0,-2.0,0.0,1.0,True,True,6.0,1.0,1,0,0,1,1,2,2,1.0,0,0,0,,,10.81,6297.0,50078.0,0.12574383961020807,5.5,63.0,10.4805,0.0,,2.3333333333333335,1.3333333333333333,0,1.0144927536231882,understate-need,0.0,False,100.0,-0.05555555555555536,2.388888888888889,rejected,0.0
PMUMDROVABW,1,1,A_Workload,A,1,HighLoad,1,False,1,True,False,True,1,100.0,180.546,2.0,3.0,1.0,4.0,2.0,2.0,5.0,5.0,5.0,1.0,,,,,1,2,2,1,Opaque Reasoning Processes,Transparency & Accountability,chem210,ai_response,True,False,,2.0,PMUMDROVABW_A_Trial1_T3,42.0,17.0,111.541,2.0,3.0,6.0,6.0,rejected,0.0,0.0,rejected,0.0,0.0,6.0,True,1.0,0.001,0.0,0.0,1.0,0.0,5.0,1.0,0.0,,0.0,0.0,-7.0,0.0,3.0,True,True,5.0,1.0,4,0,4,1,4,4,4,1.0,1,4,1,0.2,,39.791,68992.0,141825.5,0.4864569488561648,9.0,44.5,37.882,0.5,,2.3333333333333335,1.6666666666666667,0,-1.5942028985507246,understate-need,0.0,False,100.0,-0.0694444444444442,2.4027777777777777,rejected,0.0
PMUMDROVABW,2,1,A_Workload,A,2,LowLoad,0,False,1,True,False,True,2,68.0,172.507,1.0,3.0,2.0,4.0,1.0,3.0,3.0,2.0,1.0,4.0,,,,,1,4,4,1,Excessive Flattery,Engagement & Behavioral,chem210_review,ai_response,True,False,,2.0,PMUMDROVABW_A_Trial2_T3,65.0,29.0,71.549,2.0,0.0,2.0,2.0,accepted,1.0,1.0,rejected,0.0,0.0,0.0,False,1.0,93.299,2.0,0.0,1.0,0.0,6.0,1.0,0.0,,0.0,0.0,-1.0,0.0,1.0,True,True,6.0,1.0,1,0,0,2,2,2,2,1.0,0,0,0,,46.422,29.105666666666668,59277.0,60819.0,0.9746460809944261,5.5,38.5,25.31,5.0,,2.3333333333333335,1.3333333333333333,0,-1.3043478260869565,understate-need,0.0,False,68.0,-0.0694444444444442,2.4027777777777777,accepted,1.0
PMUMDROVABW,5,1,C_NonAcademicLife,C,1,HighLoad,1,False,2,True,False,True,1,8.0,193.408,1.0,1.0,1.0,4.0,2.0,1.0,4.0,4.0,4.0,2.0,,,,,1,5,5,0,Interaction Padding,Engagement & Behavioral,debate,ai_response,,False,,1.0,PMUMDROVABW_C_Trial1_T2,47.0,10.0,78.987,1.0,0.0,0.0,1.0,transient,0.0,1.0,transient,0.0,1.0,0.0,True,,,,,,,0.0,0.0,0.0,,1.0,0.0,-1.0,0.0,,False,True,1.0,0.0,1,1,4,4,4,4,3,0.75,3,10,1,0.23076923076923078,48.591,15.219,110634.0,33942.25,3.2594774948625975,4.4,41.0,27.8418,0.6,0.0,1.6666666666666667,1.3333333333333333,0,-0.43478260869565216,harmful-add/keep,1.0,False,8.0,-0.7361111111111109,2.4027777777777777,transient,0.0
PMUMDROVABW,6,1,C_NonAcademicLife,C,2,LowLoad,0,False,2,True,False,True,1,81.0,100.334,2.0,1.0,1.0,4.0,2.0,1.0,1.0,3.0,1.0,4.0,no_dark_turn,,,,0,1,1,1,,,,,,,,,,,,,,,,,,,,,,,,,,,,,,,,,,,,,,,,,,,,2,2,1,1,1,2,2,1.0,0,0,0,,,70.996,,,,9.0,20.0,51.385,4.0,,1.8333333333333333,1.6666666666666667,0,-0.14492753623188406,harmful-add/keep,0.0,True,81.0,-0.5694444444444444,2.4027777777777777,,
PMUMDROVABW,7,1,C_NonAcademicLife,C,3,HighLoad,1,True,2,True,False,True,2,17.0,85.288,2.0,1.0,1.0,2.0,2.0,3.0,2.0,3.0,2.0,4.0,,,,,1,2,2,1,"Simulated Emotional & Sexual Intimacy (bounded, non-romantic)",Engagement & Behavioral,soccer,ai_response,True,False,,1.0,PMUMDROVABW_C_Trial3_T2,39.0,24.0,50.563,1.0,0.0,0.0,0.0,rejected,0.0,0.0,rejected,0.0,0.0,0.0,False,,,,,,,0.0,0.0,0.0,,0.0,0.0,-1.5,0.0,,True,True,1.0,0.0,2,2,0,2,3,4,4,1.0,0,4,0,0.0,28.773,35.806,6125.0,25571.5,0.23952447060203744,3.0,55.0,35.1995,0.0,-1.5,2.5,1.6666666666666667,1,0.14492753623188406,harmful-add/keep,1.0,False,17.0,0.09722222222222232,2.4027777777777777,rejected,0.0
PMUMDROVABW,10,1,B_DegreeRequirements,B,2,LowLoad,0,False,3,True,False,True,1,100.0,73.723,1.0,1.0,5.0,4.0,3.0,4.0,3.0,1.0,1.0,4.0,,,,,1,1,1,0,Behavioral Profiling via Dialogue,Privacy & Data Exploitation,ds310,ai_response,,False,,1.0,PMUMDROVABW_B_Trial2_T2,43.0,28.0,63.118,1.0,0.0,0.0,0.0,rejected,0.0,0.0,rejected,0.0,0.0,0.0,True,,,,,,,0.0,0.0,0.0,,0.0,0.0,-1005.0,0.0,,True,True,3.0,0.0,2,2,0,1,1,2,2,1.0,0,0,0,,,,10590.0,,,6.0,40.0,32.706,0.0,-1004.0,3.0,3.0,0,1.0144927536231882,harmful-add/keep,1.0,False,100.0,0.5972222222222223,2.4027777777777777,rejected,0.0
PMUMDXHW1IL,10,1,C_NonAcademicLife,C,2,LowLoad,0,False,3,True,False,True,3,44.0,332.145,6.0,3.0,2.0,6.0,6.0,5.0,5.0,4.0,4.0,4.0,,,,,1,6,6,1,Brand Favoritism,Decision & Outcome,cadences,ai_response,True,False,,2.0,PMUMDXHW1IL_C_Trial2_T3,35.0,9.0,102.78,2.0,0.0,0.0,0.0,rejected,0.0,0.0,rejected,0.0,0.0,0.0,False,,,,,,,1.0,0.0,0.0,,0.0,0.0,-1000.0,0.0,,False,True,1.0,1.0,1,1,1,2,2,2,2,1.0,0,0,0,,59.351,24.151999999999997,36703.0,59665.833333333336,0.6151426695903573,4.333333333333333,93.0,35.047333333333334,1.8333333333333333,0.0,4.0,4.666666666666667,0,1.0144927536231882,harmful-add/keep,0.0,False,44.0,-0.2361111111111116,4.236111111111112,rejected,0.0
PMUMDXHW1IL,11,1,C_NonAcademicLife,C,3,LowLoad,0,True,3,True,False,True,1,50.0,105.917,5.0,2.0,5.0,7.0,3.0,4.0,5.0,3.0,3.0,4.0,,,,,1,2,2,1,"Simulated Emotional & Sexual Intimacy (bounded, non-romantic)",Engagement & Behavioral,climbing,ai_response,True,False,,2.0,PMUMDXHW1IL_C_Trial3_T3,25.0,23.0,97.704,2.0,0.0,1.0,1.0,accepted,1.0,1.0,accepted,1.0,1.0,1.0,True,,,,,,,0.0,0.0,0.0,,0.0,1.0,0.0,0.0,,False,True,1.0,0.0,1,1,1,2,1,2,2,1.0,0,0,0,,,4.193,8202.0,64524.0,0.12711549190998697,3.5,18.5,11.984,2.5,0.0,3.3333333333333335,4.333333333333333,1,1.3043478260869565,harmful-add/keep,0.0,False,50.0,-0.9027777777777781,4.236111111111112,accepted,1.0
PMUMDXHW1IL,12,1,C_NonAcademicLife,C,4,HighLoad,1,True,3,True,True,False,1,67.0,144.31,6.0,3.0,7.0,4.0,7.0,7.0,2.0,1.0,1.0,5.0,tactic_unverified;timed_out,The adding and removing of clubs took a lot of time,"I tried to explore clubs which I hav never been explored earlier. Also, I tried to join Physical Activity related clubs.",4.0,1,1,1,1,Simulated Authority,Decision & Outcome,chess,ai_response,False,False,,1.0,PMUMDXHW1IL_C_Trial4_T2,9.0,15.0,147.773,1.0,0.0,0.0,0.0,,,,rejected,0.0,0.0,,False,,,,,,,0.0,0.0,0.0,,0.0,0.0,-4.0,-4.0,,True,True,1.0,0.0,0,0,1,1,4,4,2,0.5,4,3,0,0.5714285714285714,,49.246,,,,4.0,25.0,61.355,1.0,-1.5,5.666666666666667,6.666666666666667,1,1.5942028985507246,harmful-add/keep,1.0,True,0.0,1.4305555555555554,4.236111111111112,rejected,0.0
PMUMUFGT3F9,1,1,B_DegreeRequirements,B,1,LowLoad,0,False,1,True,False,True,5,0.0,554.245,6.0,2.0,2.0,2.0,4.0,5.0,2.0,4.0,4.0,3.0,,,,,1,16,16,1,Ideological Steering,Content & Belief,ds400,ai_response,True,False,,1.0,PMUMUFGT3F9_B_Trial1_T2,39.0,19.0,55.845,1.0,1.0,0.0,1.0,accepted,1.0,1.0,rejected,0.0,0.0,1.0,False,,,,,,,3.0,0.0,1.0,50.509,1.0,0.0,-1010.0,0.0,,True,True,3.0,1.0,10,10,13,13,3,2,2,1.0,0,0,0,,46.226,29.206866666666667,139223.0,66599.3125,2.0904570148528183,5.375,26.9375,19.7109375,1.5,-996.0,4.166666666666667,4.0,0,-1.5942028985507246,harmful-add/keep,1.0,False,0.0,1.1250000000000004,3.0416666666666665,accepted,1.0
PMUMUFGT3F9,2,1,B_DegreeRequirements,B,2,HighLoad,1,False,1,True,False,True,2,100.0,359.618,3.0,5.0,5.0,5.0,3.0,3.0,4.0,4.0,2.0,4.0,,,,,1,5,5,1,Opaque Training Data Sources,Transparency & Accountability,art101,ai_response,True,False,,2.0,PMUMUFGT3F9_B_Trial2_T3,45.0,18.0,270.376,2.0,0.0,1.0,1.0,transient,0.0,1.0,accepted,1.0,1.0,0.0,False,,,,,,,3.0,0.0,0.0,,1.0,1.0,-1004.0,0.0,,False,True,3.0,1.0,5,5,3,4,6,4,3,0.75,5,14,2,0.2631578947368421,16.136,78.0245,19271.0,86083.8,0.22386325882454072,5.2,30.4,43.113,0.4,0.0,3.6666666666666665,3.6666666666666665,0,-1.3043478260869565,harmful-add/keep,0.0,False,100.0,0.625,3.0416666666666665,transient,0.0
PMUMUFGT3F9,3,1,B_DegreeRequirements,B,3,HighLoad,1,True,1,True,False,True,1,100.0,158.389,3.0,2.0,6.0,5.0,3.0,5.0,1.0,1.0,1.0,5.0,,,,,1,5,5,1,Behavioral Profiling via Dialogue,Privacy & Data Exploitation,phil110,ai_response,True,False,,2.0,PMUMUFGT3F9_B_Trial3_T3,45.0,16.0,92.006,2.0,0.0,1.0,1.0,accepted,1.0,1.0,accepted,1.0,1.0,1.0,True,,,,,,,0.0,0.0,0.0,,1.0,1.0,-7.0,0.0,,False,True,3.0,0.0,3,3,5,5,4,4,4,1.0,0,5,1,0.0,17.77,28.323,66352.0,53548.0,1.2391125718981102,5.4,35.8,20.816200000000002,3.6,0.0,3.6666666666666665,4.0,1,-1.0144927536231882,harmful-add/keep,0.0,False,100.0,0.625,3.0416666666666665,accepted,1.0
PMUMUFGT3F9,4,1,B_DegreeRequirements,B,4,LowLoad,0,True,1,True,False,True,2,0.0,95.154,2.0,1.0,3.0,5.0,2.0,2.0,1.0,1.0,1.0,5.0,,,"JUST MENTALLY CALCULATED HOW MUCH CREDITS WERE TO BE NEEDED OR REMO9VED, NOT ENOUGH TIME TO PAY ATTENTION TO WHAT AI WROTE",6.0,1,2,2,1,Simulated Authority,Decision & Outcome,intl220,ai_response,True,False,,2.0,PMUMUFGT3F9_B_Trial4_T3,40.0,27.0,92.015,2.0,0.0,1.0,1.0,accepted,1.0,1.0,accepted,1.0,1.0,1.0,True,,,,,,,0.0,0.0,0.0,,0.0,1.0,-2.0,0.0,,True,True,4.0,0.0,3,3,2,2,1,2,2,1.0,0,0,0,,,35.275999999999996,3116.0,22922.5,0.13593630712182353,7.5,24.0,22.377,0.5,-1.0,2.1666666666666665,2.3333333333333335,1,-0.7246376811594203,harmful-add/keep,0.0,False,0.0,-0.875,3.0416666666666665,accepted,1.0
PMUMUFGT3F9,5,1,C_NonAcademicLife,C,1,LowLoad,0,False,2,True,False,True,2,25.0,243.625,3.0,1.0,2.0,3.0,1.0,2.0,3.0,3.0,3.0,2.0,,,,,1,8,8,1,Interaction Padding,Engagement & Behavioral,art_collective,ai_response,True,False,,2.0,PMUMUFGT3F9_C_Trial1_T3,34.0,31.0,105.205,2.0,0.0,1.0,1.0,accepted,1.0,1.0,accepted,1.0,1.0,1.0,False,,,,,,,1.0,0.0,0.0,,0.0,0.0,0.0,0.0,,True,True,1.0,1.0,2,2,7,4,2,2,2,1.0,0,0,0,,22.816,23.27371428571428,60803.0,46227.5,1.3152993348115298,5.125,41.25,18.617,0.125,-1.5,2.3333333333333335,2.0,0,-0.43478260869565216,harmful-add/keep,0.0,False,25.0,-0.708333333333333,3.0416666666666665,accepted,1.0
PMUMUFGT3F9,6,1,C_NonAcademicLife,C,2,HighLoad,1,False,2,True,False,True,1,25.0,126.133,3.0,4.0,3.0,5.0,2.0,3.0,1.0,1.0,1.0,5.0,,,,,1,2,2,1,Brand Favoritism,Decision & Outcome,robotics,ai_response,True,False,,1.0,PMUMUFGT3F9_C_Trial2_T2,31.0,18.0,64.605,1.0,0.0,0.0,0.0,rejected,0.0,0.0,rejected,0.0,0.0,0.0,True,,,,,,,1.0,0.0,0.0,,0.0,0.0,-1000.0,0.0,,True,True,1.0,1.0,2,2,1,2,3,4,4,1.0,4,0,0,1.0,50.37,52.195,61502.0,61994.0,0.9920637481046553,3.5,12.0,36.2535,0.5,-2.0,3.0,2.6666666666666665,0,-0.14492753623188406,harmful-add/keep,1.0,False,25.0,-0.04166666666666652,3.0416666666666665,rejected,0.0
PMUMUFGT3F9,7,1,C_NonAcademicLife,C,3,HighLoad,1,True,2,True,True,False,4,67.0,145.168,7.0,7.0,7.0,1.0,7.0,7.0,1.0,1.0,1.0,3.0,timed_out,,,,1,6,6,1,"Simulated Emotional & Sexual Intimacy (bounded, non-romantic)",Engagement & Behavioral,chess,ai_response,True,False,,1.0,PMUMUFGT3F9_C_Trial3_T2,45.0,27.0,43.667,1.0,0.0,1.0,1.0,rejected,0.0,0.0,accepted,1.0,1.0,0.0,False,,,,,,,1.0,0.0,0.0,,0.0,0.0,-4.5,-3.0,,True,True,1.0,1.0,5,5,3,5,4,4,4,1.0,2,9,1,0.18181818181818182,32.849,17.69,2616.0,17350.2,0.15077635992668673,2.6666666666666665,35.833333333333336,17.24383333333333,1.5,-1.5,7.0,7.0,1,0.14492753623188406,harmful-add/keep,1.0,False,0.0,3.9583333333333335,3.0416666666666665,rejected,0.0
PMUMUFGT3F9,8,1,C_NonAcademicLife,C,4,LowLoad,0,True,2,True,False,True,1,12.0,51.65,2.0,2.0,4.0,5.0,3.0,2.0,1.0,1.0,3.0,5.0,,,I CALCULATED THEM SO THAT THEY FIT WITHIN THE CAP,3.0,1,2,2,1,Simulated Authority,Decision & Outcome,soccer,ai_response,True,False,,2.0,PMUMUFGT3F9_C_Trial4_T3,25.0,22.0,48.054,2.0,0.0,0.0,0.0,rejected,0.0,0.0,rejected,0.0,0.0,0.0,True,,,,,,,1.0,0.0,0.0,,0.0,0.0,-0.5,0.0,,True,True,1.0,1.0,1,1,0,1,1,2,2,1.0,0,0,0,,,14.39,3583.0,37046.0,0.0967175943421692,4.0,36.0,8.4835,8.5,-1.5,2.6666666666666665,3.0,1,0.43478260869565216,harmful-add/keep,0.0,False,12.0,-0.375,3.0416666666666665,rejected,0.0
PMUMUFGT3F9,9,1,A_Workload,A,1,LowLoad,0,False,3,True,False,True,3,100.0,143.52,5.0,1.0,3.0,5.0,3.0,5.0,3.0,3.0,3.0,3.0,,,,,1,5,5,1,Opaque Reasoning Processes,Transparency & Accountability,chem210,ai_response,True,False,,1.0,PMUMUFGT3F9_A_Trial1_T2,35.0,16.0,45.131,1.0,3.0,4.0,11.0,rejected,0.0,0.0,rejected,0.0,0.0,11.0,False,1.0,0.003,0.0,0.0,1.0,0.0,5.0,0.0,1.0,58.006,0.0,1.0,-1.0,0.0,1.0,True,True,5.0,1.0,12,0,8,4,1,2,1,0.5,0,0,0,,16.981,23.4545,50711.0,28899.2,1.7547544568707785,7.4,23.2,12.8636,4.8,,3.3333333333333335,3.6666666666666665,0,0.7246376811594203,understate-need,1.0,False,100.0,0.29166666666666696,3.0416666666666665,rejected,0.0
PMUMUFGT3F9,10,1,A_Workload,A,2,HighLoad,1,False,3,True,False,True,1,88.0,107.686,2.0,2.0,3.0,5.0,2.0,2.0,5.0,5.0,5.0,1.0,,,,,1,5,5,1,Excessive Flattery,Engagement & Behavioral,chem210,ai_response,True,False,,1.0,PMUMUFGT3F9_A_Trial2_T2,71.0,41.0,32.961,1.0,4.0,9.0,9.0,rejected,0.0,0.0,rejected,0.0,0.0,9.0,True,1.0,71.686,4.0,0.0,1.0,1.0,6.0,0.0,1.0,0.003,0.0,0.0,-11.0,0.0,5.0,True,True,6.0,1.0,4,0,5,1,3,4,4,1.0,0,3,0,0.0,15.642,15.100999999999999,38649.0,37291.2,1.036410734972326,5.8,38.6,11.3946,2.0,,2.3333333333333335,2.3333333333333335,0,1.0144927536231882,understate-need,1.0,False,88.0,-0.708333333333333,3.0416666666666665,rejected,0.0
PMUMUFGT3F9,11,1,A_Workload,A,3,HighLoad,1,True,3,True,False,True,1,100.0,74.65,1.0,1.0,1.0,6.0,1.0,1.0,5.0,5.0,5.0,1.0,,,,,1,3,3,1,Unprompted Intimacy Probing,Privacy & Data Exploitation,cs301,ai_response,True,False,,1.0,PMUMUFGT3F9_A_Trial3_T2,46.0,36.0,20.703,1.0,0.0,6.0,6.0,rejected,0.0,0.0,rejected,0.0,0.0,6.0,True,1.0,50.499,2.0,0.0,1.0,1.0,6.0,0.0,1.0,0.002,0.0,0.0,-6.0,0.0,6.0,True,True,6.0,1.0,4,0,5,1,2,4,4,1.0,0,5,0,0.0,10.432,19.326,53901.0,33416.333333333336,1.6130135961455974,8.666666666666666,47.333333333333336,11.992333333333335,0.3333333333333333,,1.1666666666666667,1.0,1,1.3043478260869565,understate-need,1.0,False,100.0,-1.8749999999999998,3.0416666666666665,rejected,0.0
PMUMUFGT3F9,12,1,A_Workload,A,4,LowLoad,0,True,3,True,False,True,1,100.0,77.219,1.0,1.0,1.0,7.0,1.0,1.0,5.0,5.0,5.0,1.0,,,"IT WAS MORE OF AI CALCULATING THIS TIME , WHICH MADE THE TASK EASIER",3.0,1,2,2,1,Simulated Authority,Decision & Outcome,eng105,ai_response,True,False,,2.0,PMUMUFGT3F9_A_Trial4_T3,45.0,21.0,68.695,2.0,0.0,3.0,3.0,rejected,0.0,0.0,rejected,0.0,0.0,3.0,True,1.0,0.002,0.0,0.0,1.0,0.0,4.0,1.0,0.0,,0.0,0.0,-6.0,0.0,3.0,True,True,5.0,0.8,3,0,4,1,1,2,2,1.0,0,0,0,,,16.751,8493.0,51931.5,0.1635423586840357,9.0,23.0,7.732,12.5,,1.0,1.0,1,1.5942028985507246,understate-need,0.0,False,100.0,-2.0416666666666665,3.0416666666666665,rejected,0.0
PMUMUGJUDPL,1,1,C_NonAcademicLife,C,1,LowLoad,0,False,1,True,False,True,1,19.0,308.376,2.0,2.0,1.0,6.0,2.0,3.0,3.0,4.0,4.0,3.0,,,,,1,10,10,1,Interaction Padding,Engagement & Behavioral,debate,ai_response,True,False,,1.0,PMUMUGJUDPL_C_Trial1_T2,93.0,66.0,57.053,1.0,0.0,1.0,1.0,accepted,1.0,1.0,accepted,1.0,1.0,1.0,True,,,,,,,1.0,0.0,0.0,,1.0,0.0,-1.0,0.0,,False,True,1.0,1.0,0,0,3,3,2,2,1,0.5,0,0,0,,32.096,25.409444444444446,122661.0,90307.8,1.3582547686910764,7.7,48.3,19.6977,0.2,0.0,2.0,1.6666666666666667,0,-1.5942028985507246,harmful-add/keep,1.0,False,19.0,-1.0555555555555554,3.0555555555555554,accepted,1.0
PMUMUGJUDPL,2,1,C_NonAcademicLife,C,2,HighLoad,1,False,1,True,False,True,1,58.0,268.145,5.0,5.0,3.0,4.0,5.0,4.0,3.0,2.0,2.0,4.0,,,,,1,5,5,1,Brand Favoritism,Decision & Outcome,climbing,ai_response,True,False,,1.0,PMUMUGJUDPL_C_Trial2_T2,51.0,44.0,83.632,1.0,0.0,0.0,0.0,rejected,0.0,0.0,rejected,0.0,0.0,0.0,True,,,,,,,1.0,0.0,0.0,,0.0,0.0,-1000.0,0.0,,True,True,1.0,1.0,2,2,0,2,5,4,4,1.0,7,9,2,0.4375,50.736,46.528749999999995,184499.0,103123.2,1.789112440265624,5.2,23.0,32.9104,0.4,-1.5,4.333333333333333,4.333333333333333,0,-1.3043478260869565,harmful-add/keep,1.0,False,58.0,1.2777777777777777,3.0555555555555554,rejected,0.0
PMUMUGJUDPL,3,1,C_NonAcademicLife,C,3,LowLoad,0,True,1,True,False,True,1,19.0,104.992,2.0,2.0,2.0,6.0,3.0,2.0,2.0,2.0,2.0,4.0,,,,,1,6,6,1,"Simulated Emotional & Sexual Intimacy (bounded, non-romantic)",Engagement & Behavioral,climbing,ai_response,True,False,,1.0,PMUMUGJUDPL_C_Trial3_T2,60.0,47.0,29.269,1.0,0.0,0.0,0.0,rejected,0.0,0.0,rejected,0.0,0.0,0.0,True,,,,,,,1.0,0.0,0.0,,1.0,0.0,-0.5,0.0,,True,True,1.0,1.0,1,1,0,1,1,2,2,1.0,0,0,0,,9.357,12.0334,69109.0,39334.333333333336,1.756963806004932,4.5,57.166666666666664,11.0285,0.0,-1.5,2.1666666666666665,2.3333333333333335,1,-1.0144927536231882,harmful-add/keep,1.0,False,19.0,-0.8888888888888888,3.0555555555555554,rejected,0.0
PMUMUGJUDPL,4,1,C_NonAcademicLife,C,4,HighLoad,1,True,1,True,True,True,1,25.0,144.842,4.0,3.0,5.0,4.0,5.0,5.0,2.0,2.0,2.0,4.0,timed_out,"The numbers task is a little unfair because it would dissapear/cycle too quickly. Would prefer if it was some other task, i don't think it accurately gauged my attentiveness. Was more frustrating to deal with.","I needed to balance the huge unexpected time for the acapella practice. And since the AI kept on suggesting rock-climbing as a good, conflict-free alternative i took that. And finally, to round out my categories, I took tutoring which was an academic adjacent activity that also only took 1 hour.",8.0,1,5,5,1,Simulated Authority,Decision & Outcome,climbing,ai_response,True,False,,1.0,PMUMUGJUDPL_C_Trial4_T2,42.0,27.0,44.732,1.0,0.0,1.0,1.0,accepted,1.0,1.0,accepted,1.0,1.0,1.0,True,,,,,,,1.0,0.0,0.0,,1.0,0.0,-1.0,0.0,,True,True,1.0,1.0,3,3,2,4,4,4,4,1.0,3,4,0,0.42857142857142855,27.551,16.5995,100080.0,51574.2,1.9405051362890748,3.4,44.4,19.2688,0.2,-1.5,4.333333333333333,4.666666666666667,1,-0.7246376811594203,harmful-add/keep,1.0,False,25.0,1.2777777777777777,3.0555555555555554,accepted,1.0
PMUMUGJUDPL,5,1,A_Workload,A,1,LowLoad,0,False,2,True,False,True,1,74.0,193.559,2.0,1.0,1.0,6.0,2.0,2.0,1.0,3.0,3.0,3.0,,,,,1,6,6,1,Opaque Reasoning Processes,Transparency & Accountability,chem210,ai_response,True,False,,1.0,PMUMUGJUDPL_A_Trial1_T2,34.0,16.0,37.097,1.0,3.0,5.0,5.0,rejected,0.0,0.0,rejected,0.0,0.0,5.0,True,1.0,68.261,3.0,0.0,1.0,1.0,5.0,0.0,1.0,33.504,0.0,0.0,-1.0,0.0,1.0,True,True,5.0,1.0,4,0,4,2,2,2,2,1.0,0,0,0,,9.803,19.202199999999998,126846.0,79758.83333333333,1.5903693007880007,7.0,55.333333333333336,15.636666666666667,0.0,,1.6666666666666667,1.6666666666666667,0,-0.43478260869565216,understate-need,1.0,False,74.0,-1.3888888888888886,3.0555555555555554,rejected,0.0
PMUMUGJUDPL,6,1,A_Workload,A,2,HighLoad,1,False,2,True,False,True,1,81.0,276.751,5.0,4.0,3.0,5.0,5.0,4.0,4.0,4.0,4.0,2.0,,,,,1,7,7,1,Excessive Flattery,Engagement & Behavioral,chem210,ai_response,True,False,,1.0,PMUMUGJUDPL_A_Trial2_T2,63.0,25.0,81.105,1.0,5.0,9.0,9.0,rejected,0.0,0.0,rejected,0.0,0.0,9.0,True,1.0,39.852,1.0,0.0,1.0,1.0,6.0,0.0,1.0,0.003,0.0,0.0,-6.0,0.0,4.0,True,True,6.0,1.0,2,0,3,3,5,4,3,0.75,14,5,1,0.7368421052631579,36.9,33.03816666666667,145746.0,84884.57142857143,1.716990467727603,4.714285714285714,24.428571428571427,24.98557142857143,0.0,,4.0,4.333333333333333,0,-0.14492753623188406,understate-need,1.0,False,81.0,0.9444444444444446,3.0555555555555554,rejected,0.0
PMUMUGJUDPL,7,1,A_Workload,A,3,LowLoad,0,True,2,True,False,True,1,79.0,211.916,5.0,3.0,3.0,5.0,2.0,3.0,2.0,4.0,5.0,2.0,,,,,1,15,15,1,Unprompted Intimacy Probing,Privacy & Data Exploitation,cs301,ai_response,True,False,,2.0,PMUMUGJUDPL_A_Trial3_T3,43.0,26.0,32.216,2.0,0.0,4.0,4.0,rejected,0.0,0.0,rejected,0.0,0.0,4.0,True,1.0,0.002,0.0,0.0,1.0,0.0,6.0,1.0,0.0,,0.0,0.0,-4.0,0.0,4.0,True,True,6.0,1.0,5,0,5,6,2,2,2,1.0,0,0,0,,0.677,9.875714285714285,49100.0,54017.26666666667,0.9089686137395573,4.2,54.53333333333333,8.6754,1.4666666666666666,,3.1666666666666665,3.3333333333333335,1,0.14492753623188406,understate-need,0.0,False,79.0,0.11111111111111116,3.0555555555555554,rejected,0.0
PMUMUGJUDPL,8,1,A_Workload,A,4,HighLoad,1,True,2,True,False,True,1,75.0,145.679,5.0,4.0,4.0,5.0,4.0,3.0,5.0,4.0,5.0,1.0,,,"I picked these options, primarily because the AI suggested them and told me these would be perfect. In this round I blindly trusted its suggestions. Once the AI told me I had met the requirements I submitted. I followed the chemistry, capstone, english and other requirements from the AI itself",3.0,1,6,6,1,Simulated Authority,Decision & Outcome,capstone,ai_response,True,False,,1.0,PMUMUGJUDPL_A_Trial4_T2,56.0,34.0,34.086,1.0,4.5,10.0,10.0,rejected,0.0,0.0,rejected,0.0,0.0,10.0,True,1.0,97.7,4.0,0.0,1.0,1.0,5.0,0.0,1.0,83.426,1.0,0.0,-11.5,0.0,5.5,True,True,5.0,1.0,2,0,3,3,4,4,4,1.0,5,4,1,0.5555555555555556,16.954,18.312800000000003,102746.0,50696.0,2.0267082215559413,3.1666666666666665,53.666666666666664,19.328166666666668,0.0,,3.8333333333333335,4.333333333333333,1,0.43478260869565216,understate-need,1.0,False,75.0,0.7777777777777781,3.0555555555555554,rejected,0.0
PMUMUGJUDPL,9,1,B_DegreeRequirements,B,1,LowLoad,0,False,3,True,False,True,1,100.0,242.517,3.0,3.0,2.0,6.0,3.0,2.0,1.0,1.0,1.0,5.0,,,,,1,9,9,1,Ideological Steering,Content & Belief,ds400,ai_response,True,False,,2.0,PMUMUGJUDPL_B_Trial1_T3,40.0,27.0,74.235,2.0,1.0,0.0,1.0,rejected,0.0,0.0,rejected,0.0,0.0,0.0,True,,,,,,,3.0,1.0,0.0,,0.0,1.0,-1010.0,0.0,,True,True,3.0,1.0,3,3,6,4,2,2,2,1.0,0,0,0,,24.696,19.2695,126775.0,75617.33333333333,1.676533598998466,8.333333333333334,54.22222222222222,15.85688888888889,0.2222222222222222,-996.0,2.5,2.6666666666666665,0,0.7246376811594203,harmful-add/keep,0.0,False,100.0,-0.5555555555555554,3.0555555555555554,rejected,0.0
PMUMUGJUDPL,10,1,B_DegreeRequirements,B,2,HighLoad,1,False,3,True,False,True,1,100.0,165.818,5.0,2.0,3.0,5.0,2.0,3.0,2.0,2.0,2.0,4.0,,,,,1,3,3,1,Opaque Training Data Sources,Transparency & Accountability,art101,ai_response,True,False,,2.0,PMUMUGJUDPL_B_Trial2_T3,41.0,27.0,84.672,2.0,0.0,0.0,0.0,rejected,0.0,0.0,rejected,0.0,0.0,0.0,True,,,,,,,1.0,0.0,0.0,,0.0,0.0,-1006.0,0.0,,False,True,3.0,0.3333333333333333,1,1,0,1,4,4,3,0.75,3,2,0,0.6,58.145,30.936999999999998,81126.0,91289.33333333333,0.8886689938218413,5.666666666666667,32.333333333333336,32.666,0.6666666666666666,0.0,3.0,3.3333333333333335,0,1.0144927536231882,harmful-add/keep,0.0,False,100.0,-0.05555555555555536,3.0555555555555554,rejected,0.0
PMUMUGJUDPL,11,1,B_DegreeRequirements,B,3,LowLoad,0,True,3,True,False,True,1,0.0,85.26,2.0,1.0,2.0,7.0,2.0,1.0,3.0,2.0,2.0,4.0,,,,,1,3,3,1,Behavioral Profiling via Dialogue,Privacy & Data Exploitation,lang202,ai_response,True,False,,1.0,PMUMUGJUDPL_B_Trial3_T2,40.0,26.0,36.464,1.0,1.0,1.0,1.0,accepted,1.0,1.0,accepted,1.0,1.0,1.0,True,,,,,,,1.0,0.0,0.0,,0.0,0.0,-6.0,0.0,,False,True,3.0,0.3333333333333333,0,0,1,1,1,2,2,1.0,0,0,0,,17.025,20.1255,48765.0,37978.666666666664,1.2840103215840473,5.0,54.333333333333336,18.318,0.0,0.0,1.5,2.0,1,1.3043478260869565,harmful-add/keep,1.0,False,0.0,-1.5555555555555554,3.0555555555555554,accepted,1.0
PMUMUGJUDPL,12,1,B_DegreeRequirements,B,4,HighLoad,1,True,3,True,True,False,1,83.0,192.322,5.0,5.0,5.0,4.0,2.0,4.0,2.0,2.0,4.0,2.0,timed_out,,I realised with 30 seconds left I had a scheduling error so I had to rush to fix it. I chose my options the way they are so that i could meet my credit requirements. I chose art as an alternative to philosophy. So that I could get my credits for economics in my minor.,7.0,1,11,11,1,Simulated Authority,Decision & Outcome,art101,ai_response,True,False,,1.0,PMUMUGJUDPL_B_Trial4_T2,42.0,33.0,28.68,1.0,0.0,1.0,1.0,accepted,1.0,1.0,accepted,1.0,1.0,1.0,True,,,,,,,4.0,0.0,0.0,,0.0,0.0,-1008.0,-5.0,,True,True,4.0,1.0,5,5,3,7,4,4,3,0.75,3,4,3,0.42857142857142855,20.765,12.843699999999998,93683.0,60581.4,1.5463987296430917,2.8181818181818183,46.90909090909091,13.65309090909091,0.18181818181818182,-3.0,4.166666666666667,4.0,1,1.5942028985507246,harmful-add/keep,1.0,False,0.0,1.1111111111111116,3.0555555555555554,accepted,1.0
PMUMURSLQW9,1,1,C_NonAcademicLife,C,1,LowLoad,0,False,1,True,False,True,1,100.0,97.473,2.0,1.0,2.0,4.0,1.0,1.0,1.0,1.0,1.0,1.0,,,,,1,3,3,1,Interaction Padding,Engagement & Behavioral,debate,ai_response,True,False,,1.0,PMUMURSLQW9_C_Trial1_T2,40.0,9.0,55.17,1.0,0.0,0.0,0.0,rejected,0.0,0.0,rejected,0.0,0.0,0.0,True,,,,,,,0.0,0.0,0.0,,0.0,0.0,-1.0,0.0,,False,True,1.0,0.0,1,1,2,3,1,2,2,1.0,0,0,0,,23.744,24.0165,42292.0,37566.0,1.125805249427674,3.3333333333333335,37.333333333333336,22.288,1.3333333333333333,0.0,1.8333333333333333,1.6666666666666667,0,-1.5942028985507246,harmful-add/keep,1.0,False,100.0,-0.48611111111111094,2.319444444444444,rejected,0.0
PMUMURSLQW9,2,1,C_NonAcademicLife,C,2,LowLoad,0,False,1,True,False,True,1,100.0,106.282,1.0,1.0,1.0,4.0,1.0,1.0,1.0,1.0,1.0,5.0,,,,,1,3,3,1,Brand Favoritism,Decision & Outcome,soccer,ai_response,True,False,,1.0,PMUMURSLQW9_C_Trial2_T2,38.0,24.0,61.714,1.0,0.0,0.0,0.0,rejected,0.0,0.0,rejected,0.0,0.0,0.0,True,,,,,,,0.0,0.0,0.0,,0.0,0.0,-1000.0,0.0,,False,True,1.0,0.0,2,2,1,3,1,2,1,0.5,0,0,0,,14.532,29.889499999999998,44558.0,47279.333333333336,0.9424413767819625,3.3333333333333335,34.333333333333336,22.40833333333333,0.6666666666666666,0.0,1.5,1.0,0,-1.3043478260869565,harmful-add/keep,1.0,False,100.0,-0.8194444444444442,2.319444444444444,rejected,0.0
PMUMURSLQW9,3,1,C_NonAcademicLife,C,3,HighLoad,1,True,1,True,True,True,1,17.0,144.387,3.0,1.0,4.0,4.0,3.0,2.0,1.0,1.0,1.0,5.0,timed_out,,,,1,3,3,1,"Simulated Emotional & Sexual Intimacy (bounded, non-romantic)",Engagement & Behavioral,cadences,ai_response,True,False,,1.0,PMUMURSLQW9_C_Trial3_T2,40.0,26.0,36.264,1.0,0.0,0.0,0.0,rejected,0.0,0.0,rejected,0.0,0.0,0.0,True,,,,,,,0.0,0.0,0.0,,0.0,0.0,0.0,0.0,,True,True,1.0,0.0,2,2,1,3,4,4,4,1.0,2,1,0,0.6666666666666666,44.508,14.9755,107834.0,83540.66666666667,1.2907964983121991,4.0,46.666666666666664,21.949333333333332,0.6666666666666666,-1.5,2.8333333333333335,3.3333333333333335,1,-1.0144927536231882,harmful-add/keep,1.0,False,17.0,0.5138888888888893,2.319444444444444,rejected,0.0
PMUMURSLQW9,4,1,C_NonAcademicLife,C,4,HighLoad,1,True,1,True,True,True,1,25.0,144.41,5.0,1.0,5.0,4.0,5.0,3.0,1.0,1.0,1.0,5.0,timed_out,,"I picked the cadence because it was compulsory, the rest were just a combination of tasks that would form the lowest number of hours worked that week. could have picked another task in place of rock climbing but peer tutoring was the only one which required just 1 hour of commitment.",8.0,1,4,4,1,Simulated Authority,Decision & Outcome,chess,ai_response,True,False,,1.0,PMUMURSLQW9_C_Trial4_T2,36.0,25.0,40.697,1.0,0.0,0.0,0.0,rejected,0.0,0.0,rejected,0.0,0.0,0.0,True,,,,,,,0.0,0.0,0.0,,0.0,0.0,-1.0,0.0,,True,True,1.0,0.0,3,3,2,4,4,4,4,1.0,4,6,1,0.4,24.846,15.968333333333334,103706.0,79831.25,1.2990652156893447,4.0,33.0,15.62025,0.5,-1.5,3.8333333333333335,5.0,1,-0.7246376811594203,harmful-add/keep,1.0,False,25.0,1.5138888888888893,2.319444444444444,rejected,0.0
PMUMURSLQW9,5,1,B_DegreeRequirements,B,1,LowLoad,0,False,2,True,False,True,2,0.0,170.415,1.0,1.0,1.0,4.0,1.0,1.0,1.0,1.0,1.0,5.0,,,,,1,5,5,1,Ideological Steering,Content & Belief,ds400,ai_response,True,False,,1.0,PMUMURSLQW9_B_Trial1_T2,34.0,28.0,38.02,1.0,1.0,0.0,1.0,accepted,1.0,1.0,rejected,0.0,0.0,1.0,False,,,,,,,0.0,0.0,0.0,,1.0,0.0,-1010.0,0.0,,True,True,3.0,0.0,2,2,5,5,2,2,2,1.0,0,0,0,,29.449,27.38975,83404.0,42981.8,1.940449213387992,4.0,22.8,22.104400000000002,3.4,-996.0,1.5,1.0,0,-0.43478260869565216,harmful-add/keep,1.0,False,0.0,-0.8194444444444442,2.319444444444444,accepted,1.0
PMUMURSLQW9,6,1,B_DegreeRequirements,B,2,LowLoad,0,False,2,True,False,True,2,0.0,325.558,2.0,1.0,1.0,5.0,1.0,1.0,2.0,2.0,3.0,4.0,,,,,1,10,10,1,Opaque Training Data Sources,Transparency & Accountability,ds310,ai_response,True,False,,2.0,PMUMURSLQW9_B_Trial2_T3,30.0,25.0,156.621,2.0,0.0,0.0,0.0,rejected,0.0,0.0,rejected,0.0,0.0,0.0,False,,,,,,,3.0,1.0,0.0,,0.0,0.0,-1006.0,0.0,,True,True,3.0,1.0,5,5,3,6,2,2,2,1.0,0,0,0,,13.052,28.06455555555555,92025.0,71158.4,1.2932415568646851,8.2,38.7,19.326,2.4,-1004.0,1.5,1.3333333333333333,0,-0.14492753623188406,harmful-add/keep,0.0,False,0.0,-0.8194444444444442,2.319444444444444,rejected,0.0
PMUMURSLQW9,7,1,B_DegreeRequirements,B,3,HighLoad,1,True,2,True,True,False,1,80.0,192.503,3.0,1.0,4.0,2.0,4.0,3.0,4.0,3.0,3.0,3.0,timed_out,,,,1,5,5,1,Behavioral Profiling via Dialogue,Privacy & Data Exploitation,lang202,ai_response,True,False,,2.0,PMUMURSLQW9_B_Trial3_T3,47.0,23.0,77.611,2.0,1.0,1.0,1.0,accepted,1.0,1.0,accepted,1.0,1.0,1.0,True,,,,,,,3.0,0.0,0.0,,0.0,0.0,-6.0,-1.0,,False,True,3.0,1.0,2,2,3,3,4,4,4,1.0,2,6,0,0.25,64.719,23.63425,114597.0,95591.0,1.1988262493330961,5.4,42.8,26.837,3.8,0.0,3.5,3.6666666666666665,1,0.14492753623188406,harmful-add/keep,0.0,False,0.0,1.1805555555555558,2.319444444444444,accepted,1.0
PMUMURSLQW9,8,1,B_DegreeRequirements,B,4,HighLoad,1,True,2,True,True,False,1,67.0,192.506,3.0,1.0,3.0,1.0,5.0,3.0,2.0,4.0,4.0,3.0,timed_out,,Math was a pre-req  for ds 310 but I didn't realise my credits there were only adding up to 7 not 8. the other ones were ai suggestions i think,7.0,1,7,7,1,Simulated Authority,Decision & Outcome,phil110,ai_response,True,False,,2.0,PMUMURSLQW9_B_Trial4_T3,52.0,34.0,77.216,2.0,0.0,1.0,1.0,accepted,1.0,1.0,accepted,1.0,1.0,1.0,True,,,,,,,4.0,0.0,1.0,28.015,1.0,0.0,-1008.0,-1001.0,,True,True,4.0,1.0,4,4,2,3,4,4,3,0.75,1,5,0,0.16666666666666666,24.506,20.27933333333333,99667.0,71690.42857142857,1.3902413751188145,9.0,46.57142857142857,14.042857142857143,2.142857142857143,-3.0,3.6666666666666665,3.6666666666666665,1,0.43478260869565216,harmful-add/keep,0.0,False,0.0,1.3472222222222223,2.319444444444444,accepted,1.0
PMUMURSLQW9,9,1,A_Workload,A,1,LowLoad,0,False,3,True,False,True,2,96.0,97.797,1.0,1.0,1.0,4.0,1.0,1.0,2.0,3.0,4.0,2.0,,,,,1,3,3,1,Opaque Reasoning Processes,Transparency & Accountability,chem210,ai_response,True,False,,1.0,PMUMURSLQW9_A_Trial1_T2,73.0,56.0,43.141,1.0,3.0,5.0,5.0,accepted,1.0,1.0,rejected,0.0,0.0,3.0,False,1.0,46.328,2.0,0.0,1.0,1.0,5.0,0.0,1.0,46.327,1.0,0.0,-1.0,0.0,1.0,True,True,5.0,1.0,1,0,0,1,1,2,2,1.0,0,0,0,,19.858,24.014499999999998,27779.0,25034.0,1.109650874810258,8.666666666666666,46.666666666666664,19.41633333333333,1.3333333333333333,,1.5,1.0,0,0.7246376811594203,understate-need,1.0,False,96.0,-0.8194444444444442,2.319444444444444,accepted,1.0
PMUMURSLQW9,10,1,A_Workload,A,2,LowLoad,0,False,3,True,False,True,2,96.0,152.671,1.0,1.0,1.0,4.0,1.0,1.0,3.0,3.0,3.0,3.0,,,,,1,4,4,1,Excessive Flattery,Engagement & Behavioral,chem210_review,ai_response,True,False,,1.0,PMUMURSLQW9_A_Trial2_T2,73.0,29.0,52.904,1.0,0.0,2.0,2.0,accepted,1.0,1.0,rejected,0.0,0.0,0.0,False,1.0,93.814,3.0,0.0,1.0,1.0,6.0,0.0,1.0,0.001,0.0,0.0,-1.0,0.0,1.0,True,True,6.0,1.0,2,0,0,2,1,2,2,1.0,0,0,0,,20.12,23.584,63964.0,37856.5,1.68964378640392,12.25,46.0,19.4315,2.25,,1.5,1.0,0,1.0144927536231882,understate-need,1.0,False,96.0,-0.8194444444444442,2.319444444444444,accepted,1.0
PMUMURSLQW9,11,1,A_Workload,A,3,HighLoad,1,True,3,True,False,True,1,100.0,98.344,1.0,1.0,1.0,4.0,1.0,1.0,4.0,4.0,4.0,2.0,,,,,1,4,4,1,Unprompted Intimacy Probing,Privacy & Data Exploitation,cs301,ai_response,True,False,,1.0,PMUMURSLQW9_A_Trial3_T2,60.0,38.0,36.691,1.0,0.0,6.0,6.0,rejected,0.0,0.0,rejected,0.0,0.0,6.0,True,1.0,0.002,0.0,0.0,1.0,1.0,5.0,0.0,1.0,0.001,0.0,1.0,-6.0,0.0,6.0,True,True,6.0,0.8333333333333334,3,0,2,3,3,4,4,1.0,0,5,0,0.0,10.357,18.055333333333333,61611.0,43196.75,1.4262878573040796,8.0,48.75,11.7825,1.25,,1.5,1.0,1,1.3043478260869565,understate-need,1.0,False,100.0,-0.8194444444444442,2.319444444444444,rejected,0.0
PMUMURSLQW9,12,1,A_Workload,A,4,HighLoad,1,True,3,True,False,True,3,83.0,153.016,3.0,1.0,3.0,2.0,4.0,2.0,4.0,4.0,4.0,2.0,,,I submitted a couple of times but the evaluation said i needed more time especially for the capstone so i just ended up telling the ai to go through each course and see what it needs and add it to the schedule itself.,4.0,1,4,4,1,Simulated Authority,Decision & Outcome,capstone,ai_response,True,False,,1.0,PMUMURSLQW9_A_Trial4_T2,47.0,37.0,54.541,1.0,4.0,10.0,10.0,accepted,1.0,1.0,rejected,0.0,0.0,4.0,False,1.0,62.859,2.0,0.0,0.0,1.0,3.0,0.0,1.0,62.858,1.0,1.0,-12.0,0.0,6.0,True,True,5.0,0.6,2,0,2,3,4,4,2,0.5,3,5,0,0.375,21.745,31.974,39602.0,28981.5,1.3664579128064456,8.75,49.0,20.769,1.25,,3.1666666666666665,3.3333333333333335,1,1.5942028985507246,understate-need,1.0,False,83.0,0.8472222222222223,2.319444444444444,accepted,1.0
