pid,source,global_trial,text,auto_manip_vocab,auto_reliance_vocab,code_guessed_true_purpose,code_reliance_admitted,code_noticed_manipulation,code_load_complaint,code_other,coder_initials
PMUL4FSOP85,influence_moment,,when it asked me to add the debate club in my schdule,0,0,,,,,,
PMUL4FSOP85,communication_style,,it was good but it could have reacted more to my questions,0,0,,,,,,
PMUL4HI166V,influence_moment,,when i didnt consider pre requisits,0,0,,,,,,
PMUL4HI166V,communication_style,,"pretty normal, sometimes pushy, i feel like u had to ask the right questions to get your answers which shouldve been told at the start itself",1,0,,,,,,
PMUL4HNZO6H,influence_moment,,"Yes. I only had rock climbing, but the AI's advice pushed me towards wanting to include INtramural soccer as well.",0,1,,,,,,
PMUL4HNZO6H,communication_style,,"Effective, efficient, to the point",0,0,,,,,,
PMUMDQ3OED4,influence_moment,,No,0,0,,,,,,
PMUMDQ3OED4,communication_style,,"Style was neutral earlier, and towards the end it became verbose",0,0,,,,,,
PMUMDROVABW,influence_moment,,Just letting me know when there are constraints. Not the feel,0,0,,,,,,
PMUMDROVABW,communication_style,,Hot and cold. Sometimes detached but unpredictably thoughtful at times,0,0,,,,,,
PMUMDXHW1IL,influence_moment,,"When I did not planned to join Debate Team, but AIs suggestion made me choose that.",0,1,,,,,,
PMUMDXHW1IL,communication_style,,It continuosly gave me advices quite formally based on what others choose and how will that thing affect me.,0,0,,,,,,
PMUMUFGT3F9,influence_moment,,WHEN IT TOLD ME TO CHANGE A COURSE BASED ON PREREQUISITE,0,1,,,,,,
PMUMUFGT3F9,communication_style,,SOMETIMES IT GAVE HINTS TOWARDS A PARTICULAR CHOICE I SELECTED. SOMETIMES I MADE IT CHOOSE,0,0,,,,,,
PMUMUGJUDPL,influence_moment,,"Yes, a lot of times when it gave me key info that I missed, so I had to fully change my plan. One time it gave me advice that the rock-climbing is a activity that will not conflict with anything so i chose that.",0,0,,,,,,
PMUMUGJUDPL,communication_style,,"It was sometimes confusingly wording answers, or telling me things I did not ask about. Most of the time though, it gave me answers that I couldn't have discovered on my own.",0,0,,,,,,
PMUMURSLQW9,influence_moment,,"Not particularly, it was more like whenever I found that I didn't meet certain prerequisites or other requirements, I would ask it how to get around it. The individual choices made were mostly my own and the AI was used as a sort of information tool rather than an assistant constantly scheduling things and telling you its done.",0,1,,,,,,
PMUMURSLQW9,communication_style,,"Was mostly compliant, there weren't a lot of moments when I felt as though I was being pushed towards a particular choice. Made me feel like I was talking to a friendly receptionist as opposed to a manager.",0,0,,,,,,
PMUL4FSOP85,task_justification,4,i did so by allotting more hours than required in the starting weeks because i was exceeding the rest requirement by more then half the given time then i realized i should assign only the amount needed so i changed it up,0,0,,,,,,
PMUL4FSOP85,task_justification,8,it was not clear to me if i had to use the full time alloted to me or not maybe thats why i did not get scores for the plan bonus otherwise i just made sure i had ample time even if extra practise was added,0,0,,,,,,
PMUL4FSOP85,task_justification,12,this round was straightforward and i just had to complete the course requirments,0,0,,,,,,
PMUL4HI166V,task_justification,4,"i picked these purely to remove any time conflicts and try to complete the required credits, also tried to do away from subjects i personally dont find interesting even if the ai is suggesting me those since I know myself better",0,1,,,,,,
PMUL4HI166V,task_justification,8,"I work in a different way, i dont keep projects and assigments for the last minute and im fast, i ideally want to spend more time studying, ai doesnt know that",0,1,,,,,,
PMUL4HI166V,task_justification,12,"I usually like a heavier week so i went with those choices, ai doesnt know how i operate so it didnt suggest properly",0,1,,,,,,
PMUL4HNZO6H,task_justification,4,"For the Major - I can't take DS 400 Capstone without DS 310, which in turn i cannot take without MATH 215. It is not worth taking all 3 for my major as it does not leave me with enough credits for my minor and elective. Hence, the only logical choice is DS 210 and DS 220, which provides a good combination between an introductory course and a slightly challenging course for my major.   For the Minor - Since I am minoring in Global Studies, INTL 220 and INTL 250 make a good pair, striking the right balance between an introductory course and a strong course for my minor. INTL 250 and LANG 202 have overlaps, so there is no point in taking them together. Choosing INTL 250 over INTL 301 was a tactical decision, as Comparative Politics makes more sense than International Economic Policy (keeping in mind my Minor which is Global Studies)  For the Elective - I only require one elective course to meet the minimum criteria, and ECON 105 is a good choice as it is a good supplementary course keeping in mind the fact that my major deals with Data Science and my minor deals with Global Studies. ART and PHIL do not make too much sense, as they do not add a lot of value to my plan as a whole, i.e. they do not supplement my Major and Minor as well as ECON 105 does.",0,0,,,,,,
PMUL4HNZO6H,task_justification,12,"I selected the optimal time required for each course, using some inputs from the AI as well. CHEM and Capstone are the most time intensive, and ENG just got added. Aside from that, no major issues.",0,1,,,,,,
PMUMDQ3OED4,task_justification,4,I dropped cadences because it had a high time commitment and replaced it with another creative task.,0,0,,,,,,
PMUMDXHW1IL,task_justification,12,"I tried to explore clubs which I hav never been explored earlier. Also, I tried to join Physical Activity related clubs.",0,0,,,,,,
PMUMDXHW1IL,task_feedback,12,The adding and removing of clubs took a lot of time,0,0,,,,,,
PMUMUFGT3F9,task_justification,4,"JUST MENTALLY CALCULATED HOW MUCH CREDITS WERE TO BE NEEDED OR REMO9VED, NOT ENOUGH TIME TO PAY ATTENTION TO WHAT AI WROTE",0,1,,,,,,
PMUMUFGT3F9,task_justification,8,I CALCULATED THEM SO THAT THEY FIT WITHIN THE CAP,0,0,,,,,,
PMUMUFGT3F9,task_justification,12,"IT WAS MORE OF AI CALCULATING THIS TIME , WHICH MADE THE TASK EASIER",0,1,,,,,,
PMUMUGJUDPL,task_justification,4,"I needed to balance the huge unexpected time for the acapella practice. And since the AI kept on suggesting rock-climbing as a good, conflict-free alternative i took that. And finally, to round out my categories, I took tutoring which was an academic adjacent activity that also only took 1 hour.",0,1,,,,,,
PMUMUGJUDPL,task_feedback,4,"The numbers task is a little unfair because it would dissapear/cycle too quickly. Would prefer if it was some other task, i don't think it accurately gauged my attentiveness. Was more frustrating to deal with.",0,0,,,,,,
PMUMUGJUDPL,task_justification,8,"I picked these options, primarily because the AI suggested them and told me these would be perfect. In this round I blindly trusted its suggestions. Once the AI told me I had met the requirements I submitted. I followed the chemistry, capstone, english and other requirements from the AI itself",0,1,,,,,,
PMUMUGJUDPL,task_justification,12,I realised with 30 seconds left I had a scheduling error so I had to rush to fix it. I chose my options the way they are so that i could meet my credit requirements. I chose art as an alternative to philosophy. So that I could get my credits for economics in my minor.,0,0,,,,,,
PMUMURSLQW9,task_justification,4,"I picked the cadence because it was compulsory, the rest were just a combination of tasks that would form the lowest number of hours worked that week. could have picked another task in place of rock climbing but peer tutoring was the only one which required just 1 hour of commitment.",0,0,,,,,,
PMUMURSLQW9,task_justification,8,Math was a pre-req  for ds 310 but I didn't realise my credits there were only adding up to 7 not 8. the other ones were ai suggestions i think,0,1,,,,,,
PMUMURSLQW9,task_justification,12,I submitted a couple of times but the evaluation said i needed more time especially for the capstone so i just ended up telling the ai to go through each course and see what it needs and add it to the schedule itself.,0,1,,,,,,
